"","Player","Pos","SCA","GCA","Gls","Sh","SoT","SoT%","G/Sh","G/SoT","ShDist","FK","PK","PKatt","xG","npxG","npxG/Sh","Tkl","TklW","TklDef 3rd","TklMid 3rd","TklAtt 3rd","Press","PressSucc","PressSucc%","PressDef 3rd","PressMid 3rd","PressAtt 3rd","Blocks","Int","Clr"
"1","David de Gea\7ba6d84e","GK",0.08,0,0,0,0,0,0,0,0,0,0,0,0,0,0,0,0,0,0,0,0.03,0,0,0.03,0,0,0,0,0
"2","Hugo Lloris\8f62b6ee","GK",0.16,0.05,0,0,0,0,0,0,0,0,0,0,0,0,0,0,0,0,0,0,0.11,0.03,25,0.08,0.03,0,0,0,0
"3","Illan Meslier\6b625ac2","GK",0.05,0,0,0,0,0,0,0,0,0,0,0,0,0,0,0,0,0,0,0,0.14,0.05,40,0.14,0,0,0,0,0.05
"4","Conor Coady\2928dca2","DF",0.19,0,0.11,0.33,0.11,33.3,0.33,1,11.7,0,0,0,0.06,0.06,0.16,0.83,0.5,0.52,0.28,0.03,5.21,1.87,36,3.25,1.82,0.14,1.63,1.18,3.91
"5","Ederson\3bb7b8b4","GK",0.11,0,0,0,0,0,0,0,0,0,0,0,0,0,0,0,0,0,0,0,0.14,0,0,0.14,0,0,0,0,0
"6","Łukasz Fabiański\9328b835","GK",0.08,0,0,0,0,0,0,0,0,0,0,0,0,0,0,0,0,0,0,0,0.03,0.03,100,0.03,0,0,0,0,0
"7","José Sá\903b6e8b","GK",0.08,0,0,0,0,0,0,0,0,0,0,0,0,0,0,0.03,0,0.03,0,0,0.25,0.06,22.2,0.25,0,0,0,0,0.08
"8","Robert Sánchez\6a713852","GK",0.11,0,0,0,0,0,0,0,0,0,0,0,0,0,0,0,0,0,0,0,0.14,0.03,20,0.14,0,0,0.06,0,0
"9","Pontus Jansson\172e52d8","DF",0.42,0.11,0.08,0.64,0.28,43.5,0.13,0.3,8.2,0,0,0,0.08,0.08,0.13,1,0.7,0.75,0.22,0.03,5.43,2.01,36.9,3.18,1.92,0.33,1.56,1.87,5.65
"10","Matty Cash\2389cdc2","DF",1.49,0.2,0.08,0.87,0.31,35.5,0.1,0.27,18.2,0,0,0,0.06,0.06,0.07,2.48,1.21,1.46,0.9,0.11,13.9,3.97,28.6,7.21,5.32,1.35,2.48,2.45,2.62
"11","Teemu Pukki\0745b37d","FW",1.65,0.11,0.31,1.85,0.68,36.9,0.12,0.33,14.8,0,0.09,0.09,0.32,0.26,0.14,0.68,0.31,0.03,0.4,0.26,19.5,4.84,24.8,1.11,8.15,10.3,0.6,0.48,0.11
"12","Emiliano Martínez\7956236f","GK",0.09,0.03,0,0,0,0,0,0,0,0,0,0,0,0,0,0,0,0,0,0,0.06,0,0,0.06,0,0,0,0.03,0.03
"13","Kasper Schmeichel\53af52f3","GK",0.09,0.03,0,0,0,0,0,0,0,0,0,0,0,0,0,0,0,0,0,0,0.06,0,0,0.06,0,0,0,0,0.03
"14","João Cancelo\bd6351cd","DF",2.84,0.46,0.03,2.21,0.66,29.9,0.01,0.04,21.5,0.03,0,0,0.11,0.11,0.05,2.52,1.55,0.86,1.03,0.63,9.74,3.38,34.7,2.95,3.93,2.87,1.26,2.18,1.55
"15","Harry Kane\21a66f6a","FW",3.21,0.54,0.46,3.55,1.35,37.9,0.1,0.26,17.1,0.23,0.11,0.11,0.55,0.46,0.13,0.54,0.29,0.09,0.32,0.14,10.6,3.12,29.5,0.74,4.24,5.62,0.63,0.2,1.06
"16","Marc Guéhi\d0706b27","DF",0.6,0.06,0.06,0.52,0.14,27.8,0.11,0.4,10.2,0,0,0,0.05,0.05,0.11,0.89,0.63,0.6,0.26,0.03,6.24,2.5,40.1,3.94,1.98,0.32,1.32,1.64,3.82
"17","Moussa Sissoko\2acd49b9","MF",1.75,0.11,0.06,0.69,0.23,33.3,0.08,0.25,16.2,0,0,0,0.1,0.1,0.14,1.61,1.06,0.92,0.6,0.09,14,4.37,31.3,4.91,6.9,2.16,1.44,1.26,2.04
"18","Pierre Højbjerg\8b04d6c1","MF",2.2,0.12,0.06,0.87,0.29,33.3,0.07,0.2,22.2,0.03,0,0,0.06,0.06,0.06,2.43,1.42,0.81,1.3,0.32,19.2,5.04,26.2,7.33,9.16,2.72,2,1.94,1.74
"19","Declan Rice\1c7012b8","MF",1.72,0.23,0.03,0.73,0.2,28,0.04,0.14,21.4,0.03,0,0,0.03,0.03,0.04,2.1,1.49,1.2,0.79,0.12,13.5,4.43,32.8,6.09,6.36,1.05,1.69,2.74,1.46
"20","Alisson\7a2e46a8","GK",0.09,0.03,0,0,0,0,0,0,0,0,0,0,0,0,0,0,0,0,0,0,0.15,0.06,40,0.15,0,0,0,0,0.03
"21","Virgil van Dijk\e06683ca","DF",0.71,0.18,0.09,1.03,0.38,37.1,0.09,0.23,11.8,0.03,0,0,0.07,0.07,0.07,0.62,0.35,0.38,0.21,0.03,3.65,1.29,35.5,2.12,1.32,0.21,0.91,1.41,3.94
"22","Jordan Pickford\4806ec67","GK",0.21,0.03,0,0,0,0,0,0,0,0,0,0,0,0,0,0.03,0,0.03,0,0,0.21,0.03,14.3,0.21,0,0,0.06,0,0.03
"23","Nick Pope\4b40d9ca","GK",0.24,0,0,0,0,0,0,0,0,0,0,0,0,0,0,0,0,0,0,0,0.03,0.03,100,0.03,0,0,0,0,0.12
"24","Christian Nørgaard\df0a4c90","MF",1.45,0.18,0.09,0.8,0.24,29.6,0.11,0.38,13,0,0,0,0.09,0.09,0.12,3.83,2.36,1.59,1.89,0.35,20.4,6.46,31.6,7.67,10.8,1.92,1.74,2.51,1.68
"25","James Ward-Prowse\3515d404","MF",3.35,0.21,0.27,1.42,0.59,41.7,0.13,0.3,26.4,0.62,0.09,0.09,0.13,0.07,0.05,1.36,0.77,0.47,0.68,0.21,15.1,4.72,31.2,4.6,8.25,2.26,1.78,1.69,1.22
"26","Bruno Fernandes\507c7bdf","MF",4.26,0.3,0.3,2.47,0.83,33.7,0.12,0.36,21,0.15,0,0.06,0.28,0.24,0.1,1.76,1.34,0.89,0.65,0.21,17.8,5.06,28.4,3.57,8.36,5.86,0.83,1.1,1.16
"27","Tyrone Mings\8397a50c","DF",0.75,0.12,0.03,0.63,0.15,23.8,0.05,0.2,12.4,0,0,0,0.04,0.04,0.07,1.05,0.6,0.66,0.24,0.15,5.87,1.89,32.1,3.23,1.95,0.69,1.86,2.28,4.97
"28","Marc Cucurella\1daec722","DF",2.22,0.06,0.03,0.51,0.09,17.6,0.06,0.33,21.2,0,0,0,0.02,0.02,0.04,2.58,1.83,1.05,1.11,0.42,15.7,5.92,37.6,6.28,6.49,2.97,2.07,2.16,1.86
"29","Eric Dier\ac861941","DF",0.85,0.12,0,0.39,0.12,30.8,0,0,13.5,0.12,0,0,0.03,0.03,0.08,0.73,0.39,0.3,0.33,0.09,5.38,2.08,38.8,2.72,2.39,0.27,1.69,1.33,4.95
"30","Gabriel Dos Santos\67ac5bb8","DF",0.68,0.03,0.12,0.88,0.33,37.9,0.14,0.36,10.9,0,0,0,0.08,0.08,0.08,1.58,1.12,1.09,0.39,0.09,6.3,2.52,39.9,3.67,2.3,0.33,1.42,1.09,3.48
"31","Aaron Ramsdale\466fb2c5","GK",0.03,0.03,0,0,0,0,0,0,0,0,0,0,0,0,0,0,0,0,0,0,0.09,0,0,0.09,0,0,0,0,0.03
"32","Tomáš Souček\6613c819","MF",1.03,0.12,0.15,1.33,0.33,25,0.11,0.45,12,0,0,0,0.14,0.13,0.1,2,1.24,0.91,0.85,0.24,13.9,3.76,27,5.64,6.45,1.82,1.42,1.64,3.58
"33","Dwight McNeil\fc15fb84","MF",2.72,0.12,0,1.47,0.43,29.2,0,0,21.9,0.09,0,0,0.07,0.07,0.05,2.08,1.07,0.83,0.98,0.28,19.8,4.95,25,6.91,8.44,4.43,2.35,1.99,0.61
"34","Tyrick Mitchell\5cbd1eb0","DF",1.17,0.15,0,0.15,0.03,20,0,0,15.4,0,0,0,0.01,0.01,0.07,3.2,1.57,2.15,0.74,0.31,19.7,6.25,31.7,11.3,5.48,2.95,2.28,2.37,2.52
"35","James Tarkowski\15ea812b","DF",0.62,0.06,0.03,0.65,0.18,28.6,0.05,0.17,10.5,0,0,0,0.06,0.06,0.09,2.09,1.26,1.51,0.55,0.03,7.72,2.8,36.3,5.2,2.22,0.31,2.77,2.15,6.43
"36","Stuart Dallas\67ca8566","DF",1.98,0.09,0.03,0.96,0.25,25.8,0.03,0.13,21.1,0,0,0,0.06,0.06,0.06,2.78,1.42,1.82,0.77,0.19,16.4,5.46,33.3,8.09,6.54,1.76,1.98,2.41,2.04
"37","Son Heung-min\92e7e919","FW",3.92,0.46,0.65,2.44,1.3,53.2,0.27,0.5,15.6,0.06,0,0,0.45,0.45,0.18,0.59,0.37,0.22,0.28,0.09,11.4,2.81,24.7,2.01,5.71,3.64,0.96,0.86,0.34
"38","John McGinn\90f91999","MF",2.82,0.12,0.09,1.24,0.37,30,0.08,0.25,23.8,0,0,0,0.04,0.04,0.04,3.03,1.76,1.15,1.46,0.43,16.4,5.17,31.5,4.55,8.85,3.03,1.76,1.55,1.11
"39","Bukayo Saka\bc7dc64d","FW",4.23,0.43,0.34,2.86,0.9,31.5,0.1,0.31,16.8,0,0.06,0.06,0.29,0.24,0.08,1.12,0.68,0.4,0.4,0.31,14.8,3.94,26.6,3.23,5.59,5.99,1.21,0.93,0.59
"40","Jarrod Bowen\79c84d1c","FW",2.96,0.65,0.37,2.46,1.03,41.8,0.15,0.36,15.4,0,0,0,0.35,0.35,0.14,1.18,0.78,0.59,0.37,0.22,16.8,3.43,20.4,4.92,7.32,4.58,1.46,1.15,0.19
"41","Michail Antonio\ac05f970","FW",3.19,0.53,0.28,2.56,0.81,31.7,0.11,0.35,14.2,0,0,0.03,0.35,0.34,0.13,0.78,0.63,0.16,0.28,0.34,13.8,3.91,28.3,0.97,4.94,7.91,0.78,0.41,0.53
"42","Edouard Mendy\33887998","GK",0.06,0,0,0,0,0,0,0,0,0,0,0,0,0,0,0,0,0,0,0,0.09,0.03,33.3,0.09,0,0,0,0,0.03
"43","João Moutinho\f5a00fa4","MF",2.09,0.13,0.06,0.63,0.22,35,0.1,0.29,23.7,0.13,0,0,0.03,0.03,0.05,2.34,1.66,1.16,0.88,0.31,18.5,5.66,30.5,7,9.78,1.75,1.56,1.5,1.06
"44","Antonio Rüdiger\18b896d6","DF",1.09,0.25,0.09,1.47,0.38,25.5,0.06,0.25,19.5,0,0,0,0.08,0.08,0.06,1.59,0.84,0.91,0.63,0.06,8.81,2.69,30.5,4.44,3.38,1,1.19,1.34,3.38
"45","Ben White\35e413f1","DF",0.77,0.03,0,0.38,0.09,25,0,0,14.1,0,0,0,0.03,0.03,0.08,1.28,0.72,0.81,0.34,0.13,7.78,2.53,32.5,4.09,2.97,0.72,1.56,2.03,3.38
"46","Raphael Dias Belloli\3423f250","FW",3.63,0.22,0.32,2.58,0.64,24.7,0.09,0.35,19.8,0.32,0.1,0.1,0.33,0.26,0.1,1.69,0.76,0.76,0.61,0.32,18,4.27,23.8,4.52,7.48,5.96,1.88,1.34,0.7
"47","Bryan Mbeumo\6afaebf2","FW",2.36,0.38,0.13,2.36,0.54,23,0.04,0.18,15.9,0.1,0.03,0.03,0.3,0.27,0.12,1.18,0.77,0.1,0.54,0.54,15.6,4.15,26.7,2.33,6.84,6.39,1.05,0.7,0.61
"48","Ivan Toney\e09f279b","FW",2.46,0.32,0.38,2.52,0.77,30.4,0.09,0.29,15.4,0,0.16,0.16,0.38,0.26,0.1,0.96,0.61,0.16,0.48,0.32,14,3.39,24.2,1.69,5.88,6.42,0.89,0.67,1.37
"49","Grant Hanley\e9254eec","DF",0.32,0,0.03,0.61,0.13,21.1,0.05,0.25,7.8,0,0,0,0.06,0.06,0.1,1.73,1.22,1.19,0.45,0.1,8.4,3.17,37.8,5.96,2.12,0.32,2.31,2.02,6.22
"50","Leandro Trossard\38ceb24a","FW",2.92,0.32,0.26,2.31,0.83,36.1,0.1,0.27,18.1,0.16,0.03,0.03,0.21,0.19,0.08,1.19,0.77,0.26,0.42,0.51,15.4,5.03,32.8,2.76,5.71,6.89,1.35,0.93,0.26
"51","Max Aarons\774cf58b","DF",1.19,0.16,0,0.39,0.06,16.7,0,0,20.7,0,0,0,0.02,0.02,0.06,2.19,1.19,1.58,0.61,0,13.9,3.61,26,8.16,4.45,1.26,2.74,1.74,2.23
"52","Josh Brownhill\47369df8","MF",2.03,0.13,0.06,0.9,0.26,28.6,0.07,0.25,22.2,0.13,0,0,0.05,0.05,0.05,2.23,1.26,0.71,1.32,0.19,16.3,5.19,31.9,5.1,8.29,2.87,1.52,2.55,1.48
"53","Rodri\6434f10d","MF",2.32,0.1,0.19,1.35,0.42,31,0.14,0.46,17.9,0,0,0,0.08,0.08,0.06,2.03,1.48,0.61,1.13,0.29,15.3,5.48,35.9,4.1,8.06,3.1,1.55,1.26,1.74
"54","Mohammed Salisu\0b33f6ad","DF",0.84,0.1,0,0.81,0.26,32,0,0,11,0,0,0,0.06,0.06,0.07,2.68,1.77,1.84,0.74,0.1,10.6,4.39,41.5,6.35,3.52,0.71,2.03,2.9,6
"55","Bernardo Silva\3eb22ec9","MF",4.03,0.42,0.26,1.52,0.61,40.4,0.17,0.42,12.4,0,0,0,0.22,0.22,0.14,1.65,1.03,0.65,0.65,0.35,15.3,4.52,29.5,2.77,6.97,5.55,1.06,1.03,0.84
"56","Oriol Romeu\4b511457","MF",2.14,0.13,0.06,0.81,0.13,16,0.08,0.5,20.9,0,0,0,0.04,0.04,0.05,2.56,1.68,0.74,1.46,0.36,17.7,5.89,33.3,5.73,9.64,2.3,1.39,2.07,1.65
"57","Joël Veltman\dad4b285","DF",1.17,0.06,0,0.32,0.03,10,0,0,16.6,0,0,0,0.02,0.02,0.07,2.78,1.23,1.72,0.91,0.16,11.1,3.46,31.3,5.6,4.37,1.1,2.07,2.14,3.04
"58","Ollie Watkins\aed3a70f","FW",2.23,0.23,0.36,2.39,0.97,40.5,0.14,0.33,13.4,0,0.03,0.03,0.39,0.37,0.15,0.55,0.45,0.06,0.23,0.26,18.1,4.43,24.5,1.23,8.03,8.83,1.29,0.55,0.81
"59","Trent Alexander-Arnold\cd1acf9d","DF",4.56,0.55,0.07,1.56,0.42,27.1,0.04,0.15,23.2,0.16,0,0,0.08,0.08,0.05,1.43,0.78,0.72,0.49,0.23,9.15,3.06,33.5,3.62,2.83,2.7,1.24,2.41,1.4
"60","Joachim Andersen\e34fc66d","DF",1.05,0.16,0,0.26,0.1,37.5,0,0,14,0.03,0,0,0.02,0.02,0.07,1.12,0.72,0.82,0.3,0,4.9,1.74,35.6,2.96,1.71,0.23,1.28,1.94,4.77
"61","Conor Gallagher\c2731c10","MF",2.83,0.43,0.26,1.68,0.72,43.1,0.16,0.36,16.5,0.13,0,0,0.19,0.19,0.12,2.2,1.45,1.05,0.63,0.53,24.6,6.88,27.9,6.61,11.3,6.64,1.64,1.32,0.89
"62","Aymeric Laporte\119b9a8e","DF",0.99,0.13,0.13,1.12,0.2,17.6,0.12,0.67,10.8,0,0,0,0.14,0.14,0.13,0.99,0.53,0.63,0.33,0.03,4.47,2.04,45.6,2.6,1.61,0.26,0.76,1.09,2.5
"63","Allan Saint-Maximin\2b16cb1a","FW",3.76,0.26,0.16,2.07,0.82,39.7,0.08,0.2,19.1,0,0,0,0.16,0.16,0.08,0.3,0.2,0.13,0.07,0.1,8.19,2.11,25.7,1.64,3.55,2.99,0.56,0.66,0.07
"64","Sadio Mané\c691bfe2","FW",3.07,0.43,0.5,3.17,1.16,36.5,0.16,0.43,13.2,0,0,0,0.53,0.53,0.17,1.02,0.56,0.23,0.4,0.4,14.4,4.62,32.2,1.85,6.17,6.34,1.16,0.5,0.33
"65","Mohamed Salah\e342ad68","FW",4.29,0.83,0.73,4.16,1.52,36.5,0.13,0.37,15.6,0.03,0.17,0.2,0.69,0.53,0.13,0.56,0.23,0.17,0.23,0.17,14.6,4.16,28.4,2.21,4.16,8.25,0.4,0.5,0.13
"66","Pablo Fornals\82927de4","FW",2.85,0.3,0.2,1.39,0.36,26.2,0.14,0.55,17.5,0,0,0,0.17,0.17,0.12,1.66,1.09,0.7,0.6,0.36,21.2,5.73,27,6.03,9.54,5.66,1.59,1.56,0.53
"67","Rico Henry\8a3c1dc7","DF",1.36,0.03,0.1,0.46,0.17,35.7,0.21,0.6,16,0,0,0,0.06,0.06,0.13,1.36,0.86,0.86,0.26,0.23,12.8,3.38,26.4,5.83,4.34,2.62,2.42,1.82,1.99
"68","Kenny McLean\471f16b3","MF",1.13,0.07,0.03,1.13,0.2,17.6,0.03,0.17,18.9,0,0,0,0.06,0.06,0.06,1.36,0.8,0.5,0.76,0.1,17.2,3.85,22.4,6.98,7.77,2.46,1.06,1.83,1.83
"69","Romain Saïss\9fbbcf39","DF",0.5,0,0.07,0.6,0.2,33.3,0.11,0.33,11.8,0.03,0,0,0.09,0.09,0.15,1.99,1.26,1.33,0.56,0.1,9.4,3.42,36.4,5.38,3.36,0.66,2.03,2.69,5.71
"70","Max Kilman\d0f72bf1","DF",0.3,0.03,0.03,0.43,0.13,30.8,0.08,0.25,8.8,0,0,0,0.03,0.03,0.08,1.77,1.1,1.34,0.43,0,8.03,3.08,38.3,5.32,2.34,0.37,1.74,2.14,3.95
"71","Ethan Pinnock\e541326e","DF",0.67,0.1,0.03,0.6,0.27,44.4,0.06,0.13,9,0,0,0,0.05,0.05,0.08,2.11,1.27,1.54,0.5,0.07,9.4,3.41,36.3,5.59,3.14,0.67,1.64,1.87,5.85
"72","Martin Ødegaard\79300479","MF",4.26,0.4,0.2,1.67,0.67,40,0.12,0.3,20.6,0.4,0,0,0.15,0.15,0.09,1.34,0.8,0.13,0.6,0.6,17.9,4.78,26.7,3.31,8.09,6.52,0.57,0.67,0.37
"73","Craig Dawson\3e9e06cb","DF",0.37,0.17,0.07,0.84,0.17,20,0.08,0.4,7.7,0,0,0,0.1,0.1,0.12,0.98,0.61,0.57,0.41,0,6.42,2.13,33.2,3.99,2.13,0.3,2.06,0.98,4.8
"74","Aaron Cresswell\4f974391","DF",1.64,0.17,0.07,0.55,0.1,18.8,0.13,0.67,20.4,0.27,0,0,0.03,0.03,0.06,1.02,0.65,0.68,0.27,0.07,6.93,2.22,32,3.52,2.42,0.99,1.6,1.47,2.39
"75","Jan Bednarek\4115ce4e","DF",0.65,0,0.14,0.65,0.24,36.8,0.21,0.57,7.9,0,0,0,0.08,0.08,0.13,1.27,0.72,0.79,0.45,0.03,8.15,2.6,31.9,4.45,3.49,0.21,2.19,3.32,5.79
"76","Michael Keane\c5b7c315","DF",0.48,0.03,0.07,0.66,0.17,26.3,0.11,0.4,11.9,0,0,0,0.04,0.04,0.06,1.59,1.17,1.1,0.41,0.07,7.14,2.97,41.5,4.03,2.62,0.48,1.72,2.07,4.93
"77","Joël Matip\b217ef29","DF",1.03,0.24,0.07,1.03,0.21,20,0.07,0.33,8.6,0,0,0,0.1,0.1,0.1,1.52,1.1,0.72,0.62,0.17,6.59,2.69,40.8,3.59,2.38,0.62,1.28,2.07,4.07
"78","Emmanuel Dennis\2c44a35d","FW",3.17,0.42,0.35,2.13,0.94,44.3,0.16,0.37,14.9,0.21,0,0,0.26,0.26,0.12,1.6,0.98,0.84,0.49,0.28,20,5.12,25.6,4.46,8.92,6.62,1.22,0.87,0.49
"79","Wilfried Zaha\b2bc3b1f","FW",3.52,0.38,0.45,2.06,0.8,39,0.14,0.35,18.6,0,0.17,0.24,0.32,0.13,0.06,1.64,1.18,0.49,0.77,0.38,20.1,5.57,27.7,4.39,9.97,5.75,0.94,0.7,0.14
"80","Rúben Neves\44bfb6c5","MF",1.78,0.1,0.14,1.47,0.56,38.1,0.1,0.25,26,0.14,0,0,0.04,0.04,0.03,2.31,1.5,1.08,1.01,0.21,18.3,5,27.3,6.75,9.79,1.75,1.47,1.92,1.85
"81","Séamus Coleman\0420d84f","DF",1.26,0.11,0.04,0.28,0.04,12.5,0.13,1,17.2,0,0,0,0.04,0.04,0.12,2.42,1.37,1.4,0.63,0.39,11.4,4.14,36.2,5.47,4.32,1.65,2.04,1.82,2.53
"82","Vicente Guaita\ab13a5aa","GK",0.04,0,0,0,0,0,0,0,0,0,0,0,0,0,0,0,0,0,0,0,0.04,0,0,0.04,0,0,0,0,0
"83","Jack Harrison\aa849a12","FW",2.79,0.11,0.25,1.45,0.53,36.6,0.17,0.47,16.6,0,0,0,0.14,0.14,0.1,1.91,1.1,0.71,0.74,0.46,20.5,5.72,28,5.94,8.48,6.04,1.87,1.45,1.02
"84","Joelinton\c17bfb65","MF",2.27,0.21,0.14,1.63,0.49,30.4,0.09,0.29,16.8,0,0,0,0.14,0.14,0.09,2.51,1.52,1.17,0.99,0.35,20.8,5.55,26.7,6.47,9.4,4.91,2.26,1.66,1.63
"85","Charlie Taylor\cc2d7ad5","DF",1.31,0.21,0,0.25,0,0,0,0,21.6,0,0,0,0.01,0.01,0.03,1.84,0.85,1.1,0.64,0.11,8.09,2.12,26.2,4.24,2.93,0.92,3.07,2.47,2.86
"86","Raúl Jiménez\b561db50","FW",2.3,0.5,0.21,2.02,0.53,26.3,0.09,0.33,16.1,0.04,0.04,0.04,0.23,0.22,0.11,1.06,0.74,0.14,0.57,0.35,15.5,3.79,24.5,1.45,8.09,5.96,1.13,0.67,0.96
"87","Douglas Luiz\6f7d826d","MF",2.41,0.25,0.07,0.82,0.28,34.8,0.09,0.25,23.7,0.28,0,0,0.07,0.07,0.09,2.2,1.45,1.21,0.82,0.18,17.6,5.25,29.8,7.59,8.19,1.81,1.49,1.99,0.92
"88","Youri Tielemans\56f7a928","MF",2.91,0.39,0.21,1.99,0.53,26.8,0.07,0.27,24.5,0,0.07,0.07,0.16,0.11,0.06,2.34,1.7,0.82,1.31,0.21,16.7,4.96,29.7,5.5,8.69,2.55,1.52,1.45,1.45
"89","Tim Krul\f23f9d20","GK",0.18,0,0,0,0,0,0,0,0,0,0,0,0,0,0,0,0,0,0,0,0.29,0.07,25,0.29,0,0,0.04,0,0
"90","Ben Gibson\bcfb0142","DF",0.4,0.04,0,0.29,0.14,50,0,0,10,0,0,0,0.04,0.04,0.15,0.76,0.61,0.58,0.18,0,5.49,1.84,33.6,3.5,1.77,0.22,2.06,1.73,5.74
"91","Çağlar Söyüncü\21166ff4","DF",0.4,0,0.04,0.29,0.04,12.5,0.13,1,12,0,0,0,0.05,0.05,0.17,1.88,1.08,1.16,0.61,0.11,9.35,3.36,35.9,5.2,3.83,0.32,2.02,1.84,4.98
"92","Lewis Dunk\282f75f3","DF",0.54,0.07,0.04,0.69,0.25,36.8,0.05,0.14,10,0,0,0,0.04,0.04,0.06,0.72,0.4,0.33,0.36,0.04,4.49,1.74,38.7,2.64,1.49,0.36,1.49,1.63,4.09
"93","Ezri Konsa\0313a347","DF",0.36,0,0.07,0.55,0.22,40,0.13,0.33,7,0,0,0,0.05,0.05,0.1,0.95,0.51,0.55,0.36,0.04,6.51,2.33,35.8,3.85,2.18,0.47,1.56,1.64,2.95
"94","Jordan Henderson\935e6b8f","MF",2.63,0.4,0.07,1.13,0.22,19.4,0.06,0.33,23,0.04,0,0,0.05,0.05,0.05,1.28,0.84,0.22,0.91,0.15,16.5,5.22,31.6,3.58,9.05,3.91,1.13,1.5,0.62
"95","Thiago Silva\86e7deaf","DF",0.84,0.04,0.11,0.62,0.18,29.4,0.18,0.6,10.7,0,0,0,0.03,0.03,0.05,1.17,0.73,0.62,0.44,0.11,5.95,1.93,32.5,3.5,2.23,0.22,2.37,2.15,4.05
"96","Cristiano Ronaldo\dea698d9","FW",2.78,0.33,0.66,3.96,1.43,36.1,0.14,0.38,15,0.29,0.11,0.11,0.6,0.52,0.13,0.37,0.29,0.07,0.18,0.11,6.67,1.79,26.9,0.84,2.82,3,0.44,0.18,1.14
"97","Kyle Walker-Peters\984a5a64","DF",2.2,0.29,0.04,0.99,0.26,25.9,0.04,0.14,19.2,0,0,0,0.04,0.04,0.04,2.23,0.99,1.03,0.92,0.29,12.5,3.96,31.8,4.69,5.2,2.56,1.68,2.01,1.5
"98","Ben Davies\44781702","DF",0.99,0.15,0.04,0.66,0.22,33.3,0.06,0.17,15.5,0,0,0,0.06,0.06,0.1,1.47,0.66,0.66,0.55,0.26,9.71,3.13,32.2,4.78,3.35,1.58,1.36,1.58,3.31
"99","Andrew Robertson\2e4f5f03","DF",3.46,0.55,0.07,0.59,0.26,43.8,0.13,0.29,18.1,0,0,0,0.06,0.06,0.11,1.18,0.59,0.48,0.51,0.18,9.93,2.83,28.5,2.98,4.08,2.87,1.54,1.8,2.06
"100","Richarlison\fa031b34","FW",2.26,0.3,0.33,2.41,0.67,27.7,0.09,0.33,15.6,0.04,0.11,0.11,0.37,0.28,0.12,1.41,0.93,0.48,0.52,0.41,21.4,5.07,23.7,3.19,8.56,9.63,1.7,0.78,1.19
"101","Harry Maguire\d8931174","DF",0.74,0.04,0.04,0.86,0.37,43.5,0.04,0.1,11.9,0,0,0,0.06,0.06,0.08,1.45,0.89,0.86,0.41,0.19,6.17,2.3,37.3,4.2,1.75,0.22,1.67,1.9,4.76
"102","Abdoulaye Doucouré\02b29014","MF",1.9,0.26,0.07,1.23,0.34,27.3,0.06,0.22,17.2,0,0,0,0.1,0.1,0.08,2.69,1.57,1.31,1.27,0.11,23.2,6.38,27.5,8.84,10.7,3.62,1.46,1.46,1.19
"103","Rúben Dias\31c69ef1","DF",1.12,0.22,0.07,0.67,0.15,22.2,0.11,0.5,10.6,0,0,0,0.08,0.08,0.12,1.27,1.01,0.45,0.67,0.15,5.73,2.55,44.4,2.13,2.92,0.67,1.05,1.42,2.92
"104","Craig Cathcart\89e4b358","DF",0.19,0,0,0.11,0,0,0,0,8.4,0,0,0,0,0,0.04,1.24,0.56,0.98,0.26,0,6.2,1.92,30.9,4.4,1.69,0.11,2.07,1.43,4.85
"105","Joel Ward\8a7ff278","DF",0.6,0.08,0,0.34,0.04,11.1,0,0,21.2,0,0,0,0.01,0.01,0.04,1.77,1.02,1.09,0.64,0.04,10.5,3.08,29.5,5.53,3.57,1.35,1.92,2.03,3.76
"106","Daniel James\c931d9f9","FW",2.02,0.19,0.15,1.98,0.57,28.8,0.08,0.27,15.5,0,0,0,0.22,0.22,0.11,1.33,0.65,0.46,0.49,0.38,22.1,5.67,25.7,3.31,8.4,10.3,0.91,0.72,0.46
"107","Ben Foster\d0b3ceb9","GK",0.27,0.04,0,0,0,0,0,0,0,0,0,0,0,0,0,0,0,0,0,0,0.27,0.04,14.3,0.27,0,0,0,0,0.23
"108","Fabinho\7f3b388c","MF",1.52,0.19,0.19,0.74,0.27,36.8,0.16,0.43,18.8,0.04,0.08,0.08,0.13,0.07,0.11,2.22,1.44,0.66,1.28,0.27,16,5.1,31.9,4.9,8.72,2.37,1.98,2.18,1.17
"109","Jacob Ramsey\1544f145","MF",2.33,0.12,0.23,1.28,0.43,33.3,0.18,0.55,17.6,0,0,0,0.15,0.15,0.11,2.33,1.48,1.21,1.01,0.12,19.8,5.41,27.3,6.61,9.3,3.93,1.56,1.44,0.89
"110","Scott McTominay\d93c2511","MF",1.73,0.24,0.04,0.98,0.24,24,0.04,0.17,20.1,0,0,0,0.05,0.05,0.05,2.63,1.29,1.49,0.94,0.2,18.3,5.06,27.6,6.98,9.06,2.27,1.76,1.84,2.47
"111","James Maddison\ee38d9c5","MF",3.7,0.71,0.39,2.8,1.22,43.7,0.14,0.32,19.8,0.51,0,0,0.3,0.3,0.11,1.57,0.79,0.31,0.87,0.39,17.6,3.98,22.5,3.9,8.86,4.88,0.98,0.71,0.28
"112","Ashley Westwood\495945ef","MF",2.17,0.28,0,0.55,0.04,7.1,0,0,20,0,0,0,0.03,0.03,0.05,1.18,0.91,0.28,0.79,0.12,17.1,3.62,21.2,4.96,9.72,2.4,0.75,1.69,0.79
"113","Mason Mount\9674002f","MF",4.19,0.59,0.43,2.77,1.03,37.1,0.14,0.38,17.9,0.24,0.04,0.04,0.33,0.3,0.11,1.58,1.03,0.4,0.59,0.59,20.2,6.21,30.7,3.36,7.98,8.85,0.83,0.75,0.43
"114","Luke Ayling\420d7c7d","DF",0.87,0.12,0.08,0.75,0.12,15.8,0.11,0.67,12.8,0,0,0,0.06,0.06,0.09,3.13,1.79,1.98,0.95,0.2,15.6,5.44,34.9,8.53,5.44,1.59,1.94,2.14,2.7
"115","Victor Lindelöf\f5deef4c","DF",0.4,0.12,0,0.16,0.08,50,0,0,6.9,0,0,0,0.01,0.01,0.08,0.75,0.4,0.36,0.36,0.04,5.6,2.1,37.6,2.82,2.5,0.28,1.71,1.94,4.64
"116","Granit Xhaka\e61b8aee","MF",3.06,0.12,0.04,1.03,0.16,15.4,0.04,0.25,22.9,0.04,0,0,0.05,0.05,0.05,1.51,0.91,0.75,0.56,0.2,11.1,3.06,27.5,3.73,4.6,2.78,1.31,1.19,0.99
"117","Martin Dúbravka\3a949a25","GK",0,0,0,0,0,0,0,0,0,0,0,0,0,0,0,0,0,0,0,0,0.24,0.04,16.7,0.24,0,0,0,0,0
"118","Diego Llorente\bba30585","DF",0.24,0,0.12,0.4,0.12,30,0.3,1,8.9,0,0,0,0.06,0.06,0.14,2.24,1.4,1.52,0.64,0.08,14.2,5.52,38.9,8.2,5.48,0.52,2.4,2.4,4.04
"119","Neal Maupay\4bcf39f6","FW",2.5,0.12,0.32,2.26,0.52,23.2,0.13,0.54,16,0,0.04,0.08,0.3,0.24,0.11,0.77,0.48,0.12,0.36,0.28,20.2,5.69,28.1,1.65,7.42,11.2,0.85,0.36,0.12
"120","Emerson\df8b52a5","DF",1.95,0.16,0.04,0.61,0.16,26.7,0.07,0.25,14.6,0,0,0,0.06,0.06,0.1,3.37,1.5,2.2,0.93,0.24,20,4.96,24.8,9.88,6.91,3.17,2.28,1.42,3.13
"121","Demarai Gray\4468ec10","MF",3.29,0.2,0.2,2.52,0.57,22.6,0.08,0.36,20.1,0.16,0,0,0.18,0.18,0.07,1.3,0.73,0.49,0.49,0.33,13,4.23,32.4,3.09,5.24,4.72,1.42,0.69,0.57
"122","Diogo Jota\178ae8f8","FW",3.37,0.53,0.61,3.41,1.34,39.3,0.18,0.45,11.7,0,0,0,0.62,0.62,0.18,1.34,0.81,0.57,0.53,0.24,22.6,6.3,27.9,3.86,9.11,9.63,0.77,0.61,0.24
"123","Anthony Gordon\2bd83368","MF",2.78,0.2,0.16,1.8,0.78,43.2,0.09,0.21,18.5,0.2,0,0,0.14,0.14,0.08,2.45,1.47,1.1,0.94,0.41,23.2,6.08,26.2,6,10.5,6.69,2.33,1.43,0.33
"124","Vitaly Janelt\8449d35e","MF",2.12,0.16,0.16,1.18,0.45,37.9,0.14,0.36,17.6,0,0,0,0.1,0.1,0.09,2.33,1.31,0.86,1.02,0.45,19.1,5.59,29.2,5.02,9.51,4.61,1.71,1.63,1.31
"125","Valentino Livramento\afed6722","DF",1.63,0.08,0.04,0.49,0.12,25,0.08,0.33,15.7,0,0,0,0.05,0.05,0.1,2.2,1.22,1.31,0.69,0.2,13.6,4.49,33.1,6.69,5.1,1.76,1.84,2.98,2
"126","Pierre Lees-Melou\f5044e54","MF",2.09,0.04,0.04,1.35,0.37,27.3,0.03,0.11,23.1,0,0,0,0.07,0.07,0.05,2.58,1.6,1.15,1.02,0.41,26.2,6.48,24.7,10,12.4,3.81,1.68,1.64,0.78
"127","Allan\cc700722","MF",1.32,0.25,0,0.29,0.12,42.9,0,0,24.1,0,0,0,0.01,0.01,0.03,3.17,2.51,1.28,1.69,0.21,26.7,8.4,31.5,10.7,13.5,2.51,1.89,1.73,1.65
"128","Jorginho\45db685d","MF",2.3,0.33,0.25,0.37,0.08,22.2,0,0,29.7,0,0.25,0.29,0.23,0.02,0.05,2.67,1.81,1.15,1.28,0.25,19.2,6.79,35.4,7,9.38,2.8,1.44,2.43,0.86
"129","Joshua King\43458538","FW",2.44,0.29,0.21,1.98,0.74,37.5,0.08,0.22,14.7,0,0.04,0.04,0.33,0.3,0.15,1.2,0.79,0.25,0.62,0.33,19.6,5.45,27.8,2.73,8.84,8.02,0.83,0.54,1.03
"130","Rodrigo\1fb1c435","MF",2.89,0.17,0.25,1.94,0.66,34,0.11,0.31,18.1,0,0.04,0.04,0.19,0.16,0.08,1.07,0.74,0.21,0.5,0.37,16.6,4.71,28.4,2.69,7.31,6.61,0.62,0.79,1.12
"131","Saïd Benrahma\5a04fd92","FW",2.86,0.33,0.33,2.61,0.87,33.3,0.13,0.38,18.7,0.12,0,0,0.21,0.21,0.08,1.45,0.95,0.66,0.54,0.25,15.6,3.9,25,4.48,7.72,3.4,0.91,0.5,0.29
"132","Fabian Schär\c8aa95da","DF",1.03,0.17,0.08,0.83,0.25,30,0.1,0.33,16.8,0.13,0,0,0.05,0.05,0.07,0.79,0.46,0.58,0.17,0.04,6.13,1.88,30.6,3.33,2.13,0.67,1.58,3.13,5
"133","Milot Rashica\6c6a3300","FW",2.06,0.17,0.04,1.81,0.67,37.2,0.02,0.06,21.5,0.29,0,0,0.11,0.11,0.06,1.34,0.84,0.63,0.5,0.21,13.6,3.78,27.9,4.71,4.58,4.29,1.13,1.43,0.84
"134","Vladimír Coufal\fdf3cb77","DF",1.81,0.25,0,0.46,0.17,36.4,0,0,17,0,0,0,0.03,0.03,0.06,1.77,0.89,0.97,0.46,0.34,12.4,3.21,25.9,5.78,4.09,2.53,1.98,1.43,3.12
"135","Nélson Semedo\d04b94db","DF",1.56,0.04,0,0.8,0.17,21.1,0,0,20.3,0,0,0,0.06,0.06,0.07,2.49,1.69,1.69,0.63,0.17,16,4.56,28.4,7.68,5.53,2.83,1.81,1.86,2.41
"136","Brandon Williams\5e74d6c8","DF",1.31,0.08,0,0.17,0.04,25,0,0,20.2,0,0,0,0.01,0.01,0.05,2.37,1.23,1.53,0.72,0.13,13.4,3.43,25.6,6.61,5.08,1.74,2.16,2.58,1.99
"137","Kevin De Bruyne\e46012d4","MF",5.53,0.51,0.64,3.11,1.32,42.5,0.21,0.48,18.8,0.26,0,0,0.25,0.25,0.08,0.85,0.51,0.13,0.43,0.3,14.7,4,27.2,1.87,6.09,6.77,1.4,0.6,0.72
"138","Raheem Sterling\b400bde0","FW",3.78,0.43,0.56,2.32,1.07,46.3,0.2,0.44,13.8,0,0.09,0.13,0.62,0.52,0.22,1.2,0.77,0.09,0.56,0.56,13.4,3.91,29.2,1.59,6.22,5.58,0.6,0.64,0.13
"139","Marcos Alonso\f4290206","DF",3.59,0.39,0.13,1.82,0.39,21.4,0.07,0.33,19.1,0.39,0,0,0.14,0.14,0.08,1.9,1.21,0.91,0.56,0.43,12.4,3.59,29,5.24,3.94,3.2,1.56,2.86,2.34
"140","Yves Bissouma\6c203af0","MF",1.04,0.17,0.04,0.91,0.22,23.8,0.05,0.2,24,0.04,0,0,0.04,0.04,0.04,3.17,2.17,1.57,1.48,0.13,17.5,6.26,35.7,7,8.43,2.09,1.87,2.39,2.17
"141","Sergi Canós\1137759d","DF",1.52,0.22,0.09,1.39,0.48,34.4,0.06,0.18,16.6,0.04,0,0,0.13,0.13,0.09,2.48,0.96,1.22,0.83,0.43,19.9,4.87,24.5,8.48,7.61,3.78,1.7,1.43,1.65
"142","Mateusz Klich\282679b4","MF",2.87,0.26,0.04,1.74,0.74,42.5,0.03,0.06,20.2,0,0,0,0.12,0.12,0.07,2.13,1.13,0.78,1.04,0.3,25.8,6.48,25.1,7.74,13.6,4.52,1.04,1.35,1.04
"143","David Raya\98ea5115","GK",0.09,0,0,0,0,0,0,0,0,0,0,0,0,0,0,0,0,0,0,0,0.04,0,0,0.04,0,0,0.04,0,0
"144","Kiko Femenía\e5d01ecf","DF",1.71,0.26,0,0.09,0,0,0,0,21.2,0,0,0,0,0,0.02,1.75,1.05,1.14,0.48,0.13,9.39,3.03,32.2,4.47,3.64,1.27,1.58,2.63,2.59
"145","Phil Foden\ed1e53f3","FW",3.32,0.58,0.4,2.48,0.97,39.3,0.16,0.41,14,0,0,0,0.39,0.39,0.16,0.75,0.62,0.35,0.13,0.27,17.8,5.84,32.8,1.9,5.75,10.1,0.53,0.71,0.04
"146","Alexis Mac Allister\83d074ff","MF",2.79,0.18,0.22,2.48,0.4,16.1,0.05,0.33,20.3,0.18,0.09,0.13,0.29,0.19,0.08,3.14,2.21,1.19,1.28,0.66,24.4,8.67,35.5,6.86,11.2,6.37,1.86,1.11,0.88
"147","Pascal Struijk\f4d296e4","DF",0.8,0.09,0.04,0.49,0.13,27.3,0.09,0.33,7.8,0,0,0,0.06,0.06,0.12,3.01,1.55,1.86,0.97,0.18,17,6.15,36.2,8.94,6.86,1.19,2.52,2.79,3.63
"148","Joe Willock\a3b03921","MF",2.04,0.18,0.09,1.5,0.44,29.4,0.06,0.2,16.1,0,0,0,0.16,0.16,0.11,3.05,1.95,1.37,1.33,0.35,23.7,5.22,22.1,7.43,11.2,5.09,1.68,1.33,0.71
"149","Daniel Amartey\1a4ef233","DF",0.71,0,0,0.09,0.04,50,0,0,32.1,0,0,0,0,0,0.02,1.07,0.53,0.62,0.4,0.04,7.33,2.4,32.7,4.04,2.93,0.36,1.91,1.33,4.67
"150","Ben Godfrey\9f7c837d","DF",1.38,0.09,0,0.8,0.27,33.3,0,0,16.7,0,0,0,0.05,0.05,0.06,2.36,1.16,1.29,0.84,0.22,11.8,3.96,33.5,5.96,4.84,1.02,2.13,2.13,4.36
"151","Thomas Partey\529f49ab","MF",2.27,0.13,0.09,1.96,0.4,20.5,0.05,0.22,21.1,0.09,0,0,0.11,0.11,0.06,2.44,1.82,1.11,1.02,0.31,12.9,4.58,35.4,4.76,6.58,1.6,1.24,1.47,1.42
"152","Che Adams\f2bf1b0f","FW",2.3,0.18,0.32,2.16,1.08,50,0.15,0.29,13,0,0,0,0.31,0.31,0.14,0.72,0.41,0.18,0.27,0.27,14.8,3.96,26.7,1.76,5.95,7.12,1.13,0.45,0.72
"153","Harvey Barnes\3ea50f67","FW",2.52,0.54,0.27,2.93,1.08,36.9,0.09,0.25,15.6,0,0,0,0.3,0.3,0.1,1.35,0.54,0.41,0.5,0.45,12.6,3.78,30.1,3.11,4.95,4.5,1.13,0.45,0.23
"154","Kurt Zouma\ce4246f5","DF",0.23,0,0.05,0.32,0.09,28.6,0.14,0.5,6.2,0,0,0,0.04,0.04,0.13,0.5,0.23,0.41,0.09,0,4.62,1.58,34.3,2.44,1.63,0.54,1.67,2.08,6.2
"155","Jonjo Shelvey\3727dd3c","MF",1.91,0.09,0.09,1.32,0.64,48.3,0.07,0.14,26.3,0.27,0,0,0.04,0.04,0.03,1.27,0.64,0.55,0.64,0.09,13.2,3.18,24.1,4.82,7,1.36,1.27,1.59,1.5
"156","Timothy Castagne\197640fd","DF",1.1,0.05,0.05,0.27,0.14,50,0.17,0.33,16,0,0,0,0.03,0.03,0.09,2.69,1.14,1.28,1.1,0.32,14.4,4.34,30.1,6.12,6.35,1.96,2.19,1.69,2.74
"157","Jamaal Lascelles\450ab6fc","DF",0.28,0.05,0.05,0.73,0.14,18.8,0.06,0.33,8.4,0,0,0,0.05,0.05,0.06,0.87,0.46,0.68,0.09,0.09,6.62,2.19,33.1,4.02,2.33,0.27,2.15,1.55,5.66
"158","César Azpilicueta\53cad200","DF",1.97,0.37,0.05,0.6,0.18,30.8,0.08,0.25,13.6,0,0,0,0.06,0.06,0.09,2.25,1.19,0.96,1.06,0.23,15.7,4.5,28.6,6.33,6.93,2.48,2.75,1.56,2.98
"159","Kiernan Dewsbury Hall\5c74c0f5","MF",3,0.28,0.05,0.97,0.14,14.3,0.05,0.33,20.7,0.05,0,0,0.06,0.06,0.06,1.75,1.06,1.06,0.51,0.18,19.7,4.93,25.1,6.5,7.6,5.58,1.84,1.24,1.24
"160","Fred\b853e0ad","MF",2.53,0.37,0.18,0.69,0.41,60,0.27,0.44,20.2,0,0,0,0.07,0.07,0.1,3.04,1.75,1.34,1.29,0.41,24.6,6.41,26,8.57,13.2,2.81,2.12,2.21,1.34
"161","Mason Holgate\d0042ab9","DF",0.09,0,0.09,0.32,0.09,28.6,0.29,1,9.8,0,0,0,0.05,0.05,0.15,1.71,1.06,1.15,0.55,0,9.82,3.32,33.8,5.85,3.27,0.69,1.29,1.8,5.53
"162","Cheikhou Kouyaté\8d3c902d","MF",0.78,0.05,0,0.37,0,0,0,0,19.2,0,0,0,0.03,0.03,0.07,2.76,1.57,1.47,1.2,0.09,18.1,5.3,29.3,8.85,8.16,1.06,2.72,2.07,2.44
"163","Pascal Groß\8aec0537","MF",3.98,0.28,0.05,1.02,0.28,27.3,0.05,0.17,16.7,0.05,0,0.05,0.13,0.09,0.09,1.39,0.93,0.83,0.42,0.14,17.2,5.19,30.2,5.88,6.2,5.09,1.76,0.69,1.11
"164","Jordan Ayew\da052c14","FW",2.15,0.28,0.09,1.54,0.33,21.2,0.06,0.29,16.8,0.05,0,0,0.14,0.14,0.09,2.43,1.59,0.89,1.03,0.51,23,6.5,28.3,5.42,10,7.57,1.68,1.26,0.23
"165","Jack Grealish\b0b4fd3e","FW",5.16,0.33,0.14,2.11,0.75,35.6,0.07,0.19,14.3,0,0,0,0.23,0.23,0.11,0.94,0.7,0.19,0.56,0.19,12.6,4.93,39,1.83,4.23,6.57,0.94,0.75,0.33
"166","Juraj Kucka\5aaef9ef","MF",1.74,0.09,0.05,2.16,0.52,23.9,0.02,0.09,19.7,0.14,0,0,0.15,0.15,0.07,3.47,2.21,1.92,1.27,0.28,19.9,6.34,31.9,7.37,9.44,3.05,1.83,2.16,2.35
"167","Sergio Reguilón\3353737a","DF",2.44,0.23,0.09,0.99,0.42,42.9,0.1,0.22,14.9,0,0,0,0.14,0.14,0.14,2.21,1.31,1.03,0.89,0.28,14,4.18,29.9,5.49,6.15,2.35,1.5,1.97,2.02
"168","Emile Smith Rowe\17695062","MF",3.13,0.28,0.47,1.88,1.08,57.5,0.25,0.43,15.5,0,0,0,0.27,0.27,0.14,0.85,0.75,0.28,0.56,0,11.5,3.52,30.6,2.35,5.63,3.52,0.7,0.94,0.47
"169","Kieran Tierney\fce2302c","DF",1.78,0.14,0.05,0.7,0.23,33.3,0.07,0.2,21.2,0,0,0,0.03,0.03,0.05,0.99,0.56,0.52,0.33,0.14,7.61,2.3,30.2,2.82,2.72,2.07,1.64,1.46,2.16
"170","Kristoffer Ajer\a8c0acb7","DF",1.32,0.28,0.05,0.33,0.05,14.3,0.14,1,9.2,0,0,0,0.04,0.04,0.12,1.84,1.04,1.18,0.52,0.14,9.39,3.25,34.7,4.95,3.16,1.27,1.7,2.22,3.82
"171","Jadon Sancho\dbf053da","FW",3.89,0.38,0.14,1.23,0.43,34.6,0.12,0.33,14.6,0,0,0,0.16,0.16,0.13,0.85,0.62,0.38,0.38,0.09,13.1,3.22,24.6,3.08,6.07,3.93,1.33,1.14,0.24
"172","Armando Broja\97220da2","FW",1.67,0.14,0.29,2.29,0.9,39.6,0.13,0.32,12.1,0,0,0,0.33,0.33,0.15,0.71,0.52,0.19,0.33,0.19,16.9,4.95,29.4,1.71,5.67,9.48,0.95,0.62,0.38
"173","Mohamed Elyounoussi\68dc0dac","MF",2.34,0.24,0.19,2.06,0.81,39.5,0.09,0.24,13.7,0,0,0,0.29,0.29,0.15,2.06,1.48,0.62,1.1,0.33,21.2,6.89,32.5,6.08,10.2,4.88,1.72,0.86,1
"174","Danny Ings\07802f7f","FW",1.48,0.38,0.33,2.15,0.72,33.3,0.13,0.4,13.2,0,0.05,0.05,0.33,0.3,0.14,1.24,0.53,0.29,0.67,0.29,18.4,4.16,22.6,2.49,7.94,7.99,1.44,0.72,0.91
"175","Leander Dendoncker\5a7301ae","MF",1.35,0.39,0.1,1.01,0.43,42.9,0.1,0.22,15.5,0,0,0,0.11,0.11,0.11,2.08,1.16,1.06,0.97,0.05,21.2,5.8,27.3,8.7,9.81,2.71,2.22,1.11,1.59
"176","Ismaila Sarr\bfdb33aa","FW",2.13,0.14,0.24,1.84,0.72,39.5,0.13,0.33,18.2,0,0,0.05,0.2,0.17,0.09,0.68,0.34,0.19,0.34,0.14,19.3,4.4,22.8,4.2,8.45,6.67,1.01,0.77,0.63
"177","Billy Gilmour\df10e27c","MF",2.33,0.05,0,0.87,0.15,16.7,0,0,22.3,0.1,0,0,0.05,0.05,0.06,2.33,1.07,0.92,1.17,0.24,24,4.9,20.4,9.85,11.4,2.77,1.12,1.6,1.55
"178","Alex Iwobi\6ca5ec4b","MF",2.77,0.24,0.1,1.12,0.29,26.1,0.09,0.33,15.7,0,0,0,0.08,0.08,0.07,1.94,1.21,0.92,0.68,0.34,23.4,7.04,30.1,8.01,9.51,5.87,1.94,1.75,0.92
"179","Cristian Romero\a3d94a58","DF",0.83,0.1,0.05,0.29,0.1,33.3,0.17,0.5,13.3,0,0,0,0.03,0.03,0.11,3.66,2.2,2.1,1.46,0.1,15.4,5.51,35.8,9.46,4.78,1.17,2.49,2.78,3.8
"180","İlkay Gündoğan\819b3158","MF",3.48,0.34,0.29,2.55,0.78,30.8,0.12,0.38,14.4,0.1,0,0,0.37,0.37,0.14,1.03,0.54,0.44,0.54,0.05,9.56,2.75,28.7,2.45,4.51,2.6,0.93,1.32,0.49
"181","Ben Mee\8df7a2fb","DF",0.39,0,0.15,0.88,0.2,22.2,0.17,0.75,8,0,0,0,0.09,0.09,0.11,1.32,0.78,0.74,0.44,0.15,5.34,1.91,35.8,2.99,2.06,0.29,1.96,1.72,5.98
"182","Raphaël Varane\9f8e9423","DF",0.49,0.1,0.05,0.44,0.05,11.1,0.11,1,8.3,0,0,0,0.04,0.04,0.09,1.33,0.79,0.84,0.34,0.15,8.08,2.86,35.4,5.52,2.32,0.25,1.58,1.72,4.68
"183","Luke Thomas\fc027d02","DF",0.99,0.05,0,0.2,0,0,0,0,18.6,0,0,0,0.01,0.01,0.05,2.33,1.44,1.58,0.5,0.25,16.6,4.95,29.9,8.51,6.04,2.03,2.62,1.93,2.38
"184","Gabriel Jesus\b66315ae","FW",3.72,0.85,0.4,3.02,1.06,35,0.12,0.33,13.3,0,0.05,0.05,0.47,0.43,0.14,1.11,0.55,0.25,0.3,0.55,14.3,3.52,24.6,1.66,6.43,6.23,1.16,0.9,0.35
"185","Aaron Wan-Bissaka\9e525177","DF",1.56,0.05,0,0.25,0.05,20,0,0,13.5,0,0,0,0.01,0.01,0.04,2.31,1.26,1.31,0.65,0.35,11.3,3.22,28.4,5.33,3.92,2.06,2.81,2.56,2.41
"186","Martinelli\48a5a5d6","FW",3.23,0.46,0.25,2.39,0.71,29.8,0.11,0.36,14.4,0,0,0,0.28,0.28,0.12,1.42,0.86,0.46,0.66,0.3,15.9,4.31,27.2,2.64,5.33,7.92,1.88,1.02,0.61
"187","Matthew Lowton\9a9c05db","DF",1.68,0.1,0.05,0.51,0.1,20,0.1,0.5,20.5,0,0,0,0.03,0.03,0.06,2.3,1.33,1.07,0.87,0.36,9.54,3.11,32.6,3.78,3.57,2.19,2.3,1.73,3.47
"188","Alexandre Lacazette\9dbb75ca","FW",3.39,0.46,0.21,2.1,0.62,29.3,0.05,0.17,14.6,0.05,0.1,0.15,0.4,0.28,0.13,1.33,0.97,0.36,0.67,0.31,18,5.38,29.9,2.41,6.26,9.33,0.67,0.67,0.31
"189","Lucas Moura\2b622f01","FW",3.08,0.41,0.1,1.95,0.56,28.9,0.05,0.18,15.6,0,0,0,0.19,0.19,0.1,1.49,0.72,0.31,0.82,0.36,14.2,3.44,24.3,3.33,7.13,3.69,0.87,1.13,1.08
"190","Kyle Walker\86dd77d1","DF",1.85,0.26,0,0.41,0.1,25,0,0,23.5,0.05,0,0,0.02,0.02,0.03,1.18,0.82,0.56,0.51,0.1,8.41,2.87,34.1,2.72,4.51,1.18,1.03,1.28,1.23
"191","Hwang Hee-chan\169fd162","FW",1.7,0.15,0.26,1.34,0.52,38.5,0.19,0.5,14.9,0,0,0,0.19,0.19,0.14,1.44,0.72,0.46,0.88,0.1,14,3.3,23.6,2.68,6.86,4.43,0.77,1.19,0.41
"192","Rayan Aït Nouri\9b398aea","DF",2.23,0.31,0.05,0.62,0.16,25,0.08,0.33,16.6,0,0,0,0.04,0.04,0.06,3.73,2.12,2.64,0.67,0.41,19.9,6.74,33.8,11.6,5.6,2.8,1.66,1.76,1.66
"193","Liam Cooper\dc64b8b3","DF",0.42,0.1,0,0.26,0.05,20,0,0,10.2,0,0,0,0.02,0.02,0.06,1.82,0.94,1.09,0.68,0.05,10.4,3.85,37,6.35,3.91,0.16,1.61,2.08,5.83
"194","Emi Buendía\66b76d44","FW",3.61,0.52,0.16,2.09,0.68,32.5,0.08,0.23,17.6,0,0,0,0.15,0.15,0.07,2.51,1.57,1.15,0.94,0.42,21,5.34,25.4,5.08,9.9,6.02,1.15,0.89,0.26
"195","Diogo Dalot\d9565625","DF",1.88,0.26,0,0.68,0.21,30.8,0,0,21.1,0,0,0,0.04,0.04,0.05,2.88,1.62,1.73,0.68,0.47,11.6,3.56,30.6,5.6,4.14,1.88,1.94,2.3,3.19
"196","Fraser Forster\c3e39f12","GK",0.11,0,0,0,0,0,0,0,0,0,0,0,0,0,0,0.05,0,0.05,0,0,0.16,0.05,33.3,0.16,0,0,0,0,0.21
"197","Kai Havertz\fed7cb61","FW",2.63,0.32,0.37,2.68,1.11,41.2,0.14,0.33,12.5,0,0,0,0.44,0.44,0.17,1.05,0.68,0.21,0.63,0.21,17.6,4.95,28.1,1.79,6.53,9.26,1.95,0.32,1.47
"198","Manuel Lanzini\26f6dca8","MF",2.89,0.53,0.26,0.68,0.21,30.8,0.15,0.5,21.6,0.05,0.16,0.16,0.18,0.06,0.09,1.32,0.95,0.58,0.42,0.32,19.2,4.95,25.8,5.42,9.89,3.84,1.05,1.47,0.37
"199","Jakub Moder\f230bc30","MF",1.96,0.21,0,1.48,0.32,21.4,0,0,16.5,0.11,0,0,0.13,0.13,0.09,2.22,1.53,1.01,0.74,0.48,19.1,6.14,32.1,6.24,7.14,5.71,1.64,1.16,1.38
"200","Jeffrey Schlupp\3312f911","MF",2.02,0.21,0.21,1.54,0.37,24.1,0.14,0.57,13.3,0,0,0,0.15,0.15,0.1,2.45,1.17,0.9,1.17,0.37,19,6.01,31.7,5.59,9.68,3.72,2.39,1.12,1.49
"201","Reece James\1265a93a","DF",3.8,0.48,0.27,1.76,0.48,27.3,0.15,0.56,20.2,0.27,0,0,0.13,0.13,0.07,2.09,1.23,1.18,0.75,0.16,13.3,4.71,35.5,5.13,5.19,2.94,1.5,1.12,1.12
"202","Takehiro Tomiyasu\b3af9be1","DF",1.65,0.21,0,0.59,0.11,18.2,0,0,17.2,0,0,0,0.03,0.03,0.06,2.03,0.91,1.02,0.64,0.37,11.3,3.74,33,4.44,5.08,1.82,1.93,1.93,2.3
"203","Solly March\bb5fbd2b","DF",3.39,0.16,0,1.13,0.54,47.6,0,0,17.3,0.11,0,0,0.08,0.08,0.07,2.04,1.18,0.81,0.48,0.75,13.5,3.82,28.3,3.76,4.14,5.59,1.77,1.67,1.24
"204","Nathan Redmond\ab651565","MF",3.41,0.38,0,1.19,0.32,27.3,0,0,20.1,0.05,0,0,0.1,0.1,0.08,1.03,0.65,0.32,0.49,0.22,18.3,4.92,26.9,4.49,7.3,6.49,1.68,1.14,0.86
"205","Emil Krafth\77cf6852","DF",0.58,0.05,0,0.33,0.05,16.7,0,0,18,0,0,0,0.01,0.01,0.04,2.09,1.1,1.54,0.49,0.05,12.3,3.35,27.2,5.88,5.11,1.32,1.92,2.64,2.75
"206","Jamie Vardy\45963054","FW",1.92,0.16,0.77,2.69,1.21,44.9,0.29,0.64,11.9,0,0,0,0.47,0.47,0.17,0.27,0.16,0,0.16,0.11,13.5,3.35,24.8,0.66,5.55,7.31,0.55,0.27,0.77
"207","Miguel Almirón\862a1c15","MF",2.43,0.22,0.06,1.71,0.39,22.6,0.03,0.14,18.5,0,0,0,0.11,0.11,0.06,2.98,1.93,1.44,1.1,0.44,21.9,5.47,24.9,6.69,8.4,6.85,1.05,1.22,0.61
"208","Junior Firpo\24f59bb2","DF",2.39,0.22,0,0.61,0.06,9.1,0,0,12.2,0,0,0,0.05,0.05,0.08,4,2.06,2.28,1.44,0.28,18.9,5.39,28.4,9.72,6.89,2.33,1.94,1.61,2.56
"209","Wilfred Ndidi\6b47c5db","MF",0.78,0.11,0,0.83,0.22,26.7,0,0,18,0,0,0,0.06,0.06,0.07,3.89,2.61,2.17,1.56,0.17,22.8,7.61,33.4,8.61,11.9,2.28,1.78,2.5,3.83
"210","Romain Perraud\6dfd8f05","DF",1.5,0.17,0,1.06,0.17,15.8,0,0,20.3,0,0,0,0.05,0.05,0.05,2.11,1.11,1.06,0.78,0.28,18.1,4.72,26.2,8.11,6,3.94,1.67,1.39,2.5
"211","N'Golo Kanté\b9fbae28","MF",2.91,0.67,0.11,0.95,0.5,52.9,0.12,0.22,18.6,0,0,0,0.1,0.1,0.11,2.85,1.68,1.17,1.06,0.61,19.8,6.93,34.9,6.26,9.39,4.19,1.9,2.35,0.78
"212","Luke Shaw\9c94165b","DF",3.6,0.34,0,0.34,0.06,16.7,0,0,23.6,0,0,0,0.01,0.01,0.03,1.24,0.73,0.51,0.56,0.17,10.7,3.09,28.9,4.66,4.04,1.97,2.25,0.84,1.24
"213","Maxwel Cornet\beb391dd","FW",1.3,0.23,0.45,2.32,1.07,46.3,0.2,0.42,17.2,0.23,0,0.06,0.35,0.31,0.13,1.02,0.56,0.4,0.34,0.28,15.4,4.41,28.6,3.56,6.55,5.31,0.79,0.62,0.9
"214","Samir Santos\92b4758e","DF",0.23,0,0,0.45,0.11,25,0,0,11.5,0,0,0,0.02,0.02,0.04,1.82,1.02,1.25,0.51,0.06,7.44,2.67,35.9,4.94,2.1,0.4,1.53,3.01,4.43
"215","Josh Sargent\a8d4428b","FW",1.49,0.11,0.11,1.49,0.11,7.7,0.08,1,15.3,0,0,0,0.15,0.15,0.11,1.94,0.97,0.91,0.46,0.57,20.6,5.71,27.7,5.54,8.17,6.91,2.46,1.2,1.03
"216","Alex Telles\e73c9bb2","DF",2.47,0.29,0,0.52,0.17,33.3,0,0,22.5,0.23,0,0,0.02,0.02,0.05,2.59,1.38,1.95,0.57,0.06,10.3,3.22,31.1,5.63,3.56,1.15,1.67,1.9,2.93
"217","Mateo Kovačić\79c0821a","MF",3.35,0.35,0.12,1.27,0.35,27.3,0.09,0.33,19.4,0.06,0,0,0.1,0.1,0.08,3.01,2.31,0.87,1.56,0.58,21.9,6.65,30.3,5.61,12.4,3.93,1.04,1.16,0.75
"218","Adam Lallana\99813635","MF",1.56,0.17,0,1.16,0.23,20,0,0,18.8,0,0,0,0.07,0.07,0.06,2.2,1.27,1.1,0.87,0.23,17.5,6.01,34.3,6.53,7.69,3.29,1.5,1.56,0.87
"219","Mathias Normann\8996350d","MF",1.97,0.17,0.06,1.45,0.29,20,0.04,0.2,26.6,0.35,0,0,0.05,0.05,0.04,2.2,1.39,1.21,0.81,0.17,18.1,3.76,20.8,8.27,8.67,1.16,1.5,1.39,2.43
"220","João Pedro\e8832875","FW",2.66,0.17,0.17,2.66,0.87,32.6,0.07,0.2,15.7,0.06,0,0,0.21,0.21,0.08,1.16,0.92,0.23,0.64,0.29,17.9,5.95,33.2,2.83,8.32,6.76,1.56,1.1,1.04
"221","Connor Roberts\24fae784","DF",1.1,0.06,0.06,0.29,0.17,60,0.2,0.33,24.2,0,0,0,0.01,0.01,0.03,1.04,0.64,0.52,0.4,0.12,8.15,2.49,30.5,3.7,3.35,1.1,2.77,2.49,3.01
"222","Mathias Jensen\0f134faf","MF",3.14,0.17,0,1.05,0.29,27.8,0,0,21.6,0,0,0,0.13,0.13,0.12,1.98,1.63,0.7,0.99,0.29,25.6,7.44,29,9.36,12,4.3,1.74,1.92,0.76
"223","Hassane Kamara\19a12bed","DF",1.22,0,0.06,0.29,0.06,20,0.2,1,25.1,0,0,0,0.01,0.01,0.03,3.43,1.69,2.09,1.05,0.29,16.6,4.24,25.6,9.94,5.47,1.16,1.86,4.94,3.31
"224","Tariq Lamptey\f4e433d4","DF",2.67,0.12,0,1.05,0.23,22.2,0,0,19.2,0,0,0,0.05,0.05,0.04,2.21,1.34,0.87,1.05,0.29,14.1,4.3,30.5,4.48,5.58,4.07,1.22,2.09,1.1
"225","Davinson Sánchez\da7b447d","DF",0.94,0.06,0.12,0.76,0.18,23.1,0.15,0.67,8.1,0,0,0,0.12,0.12,0.16,2.51,1.23,1.4,0.88,0.23,10.5,3.74,35.6,5.15,4.39,0.99,1.99,1.75,4.27
"226","Tom Cleverley\6cdd8245","MF",2,0.18,0,0.71,0.41,58.3,0,0,23.2,0,0,0,0.05,0.05,0.06,1.76,1.35,0.94,0.59,0.24,20.1,5.53,27.6,6.06,10.2,3.76,1.65,1.47,1
"227","Adam Forshaw\9f1938ab","MF",1.59,0.06,0,0.82,0.24,28.6,0,0,25.5,0.06,0,0,0.02,0.02,0.03,3,1.65,1.18,1.71,0.12,24,7.29,30.4,7.47,12.6,3.88,1.12,1.76,1.12
"228","Aaron Lennon\2ff964a0","MF",1.78,0.3,0.12,0.65,0.18,27.3,0.18,0.67,19.3,0,0,0,0.07,0.07,0.1,2.25,1.07,0.77,0.95,0.53,20.4,4.91,24.1,5.68,8.28,6.45,1.78,0.89,0.65
"229","Romelu Lukaku\5eae500a","FW",2.5,0.3,0.48,2.38,0.77,32.5,0.18,0.54,13.1,0.06,0.06,0.06,0.39,0.35,0.15,0.3,0.18,0,0.12,0.18,10.2,3.04,29.7,0.36,3.75,6.13,0.54,0.06,1.25
"230","Kalvin Phillips\4f565d77","MF",1.32,0.24,0,0.9,0.18,20,0,0,23.9,0.06,0,0,0.04,0.04,0.04,3.71,2.4,1.56,1.86,0.3,29.2,8.44,29,9.46,15,4.73,2.28,1.92,1.5
"231","Andreas Christensen\1cb49278","DF",0.48,0,0,0.3,0,0,0,0,19.6,0,0,0,0.02,0.02,0.08,1.08,0.72,0.66,0.24,0.18,8.92,3.07,34.5,5.06,3.13,0.72,1.81,3.13,5.24
"232","Nathan Collins\a8c19eb8","DF",0.72,0.06,0.12,0.9,0.3,33.3,0.13,0.4,8.4,0,0,0,0.09,0.09,0.1,1.63,1.27,1.27,0.24,0.12,8.98,3.01,33.6,5.84,2.65,0.48,2.59,1.93,5.6
"233","Jack Cork\74e12f1e","MF",0.66,0,0.06,0.24,0.06,25,0.25,1,18.3,0,0,0,0.04,0.04,0.16,1.02,0.48,0.24,0.6,0.18,18.7,5.06,27,5.66,9.52,3.55,1.45,1.99,1.51
"234","Thiago Alcántara\77e84962","MF",3.64,0.3,0.06,1.39,0.36,26.1,0.04,0.17,17.5,0,0,0,0.11,0.11,0.09,3.39,2.36,1.03,1.76,0.61,18.6,6.85,36.8,5.09,9.45,4.06,1.58,2.12,1.09
"235","Odsonne Édouard\0562b7f1","FW",2.3,0.18,0.36,2.3,1.03,44.7,0.13,0.29,12.7,0,0.06,0.06,0.42,0.38,0.16,0.97,0.73,0.06,0.42,0.48,19.6,5.7,29.1,2.67,8.06,8.85,1.45,0.67,0.85
"236","Robin Koch\ea6bc03a","MF",1.03,0.06,0,0.73,0.06,8.3,0,0,14.8,0,0,0,0.04,0.04,0.06,1.82,1.21,0.91,0.67,0.24,17,5.64,33.2,7.76,7.52,1.7,1.88,1.94,2.79
"237","Daniel Podence\7fcc71d8","FW",3.76,0.24,0.12,2.12,0.91,42.9,0.06,0.13,21.7,0.06,0,0,0.12,0.12,0.06,1.15,0.55,0.55,0.36,0.24,15,4.06,27.1,2.97,6.12,5.88,0.79,0.36,0
"238","Ryan Fraser\d56543a0","FW",2.8,0.37,0.12,1.47,0.43,29.2,0.08,0.29,17.2,0,0,0,0.15,0.15,0.1,0.8,0.25,0.49,0.31,0,10,2.52,25.2,2.02,4.17,3.8,0.8,0.98,0.55
"239","Andros Townsend\b28bbd58","MF",3.33,0.25,0.19,1.23,0.56,45,0.1,0.22,21.2,0.25,0.06,0.06,0.14,0.09,0.07,1.79,0.93,0.93,0.56,0.31,18.6,6.05,32.5,5.25,7.9,5.49,2.72,1.3,0.37
"240","Fernando Marçal\9ae9eaea","DF",1.06,0.06,0,0.68,0.06,9.1,0,0,22.3,0,0,0,0.03,0.03,0.05,2.61,1.61,1.8,0.62,0.19,15,4.16,27.8,7.89,5.16,1.93,2.61,1.93,3.35
"241","Shane Duffy\7314bba4","DF",0.5,0.13,0.06,1.31,0.31,23.8,0.05,0.2,9.4,0,0,0,0.08,0.08,0.06,1,0.56,0.75,0.06,0.19,5.31,1.19,22.4,3.13,1.94,0.25,2.19,1.13,5.69
"242","Ademola Lookman\7c104bb7","FW",2.5,0.13,0.38,1.69,0.75,44.4,0.22,0.5,13.9,0,0,0,0.32,0.32,0.19,2.56,1.56,0.88,1.25,0.44,21.1,6,28.4,5.06,10,6.06,1.5,1.25,0.13
"243","Riyad Mahrez\892d5bb1","FW",3.81,0.44,0.69,3.44,1.13,32.7,0.13,0.39,17.3,0.38,0.25,0.31,0.63,0.39,0.11,0.63,0.38,0.25,0.13,0.25,11.9,3.63,30.5,2.06,4.94,4.88,1,0.81,0.06
"244","James McArthur\cee31595","MF",1.82,0.19,0,0.57,0.19,33.3,0,0,19.8,0,0,0,0.02,0.02,0.04,2.33,1.64,1.13,1.07,0.13,23.3,7.99,34.2,8.05,12.2,3.08,2.14,2.08,2.64
"245","Matt Targett\e514ab62","DF",1.7,0.06,0.06,0.44,0.13,28.6,0.14,0.5,13.4,0,0,0,0.03,0.03,0.07,1.95,0.94,1.64,0.31,0,12,2.77,23,6.73,3.9,1.38,2.77,2.2,1.57
"246","Imran Louza\e1df6989","MF",1.91,0.06,0,1.08,0.25,23.5,0,0,27.1,0.38,0,0,0.07,0.07,0.07,3.25,2.04,1.59,1.34,0.32,22.4,6.69,29.9,9.3,10.3,2.8,1.46,2.99,1.46
"247","Jacob Murphy\de112b84","DF",2.88,0.32,0.06,1.81,0.39,21.4,0.04,0.17,19.7,0.06,0,0,0.17,0.17,0.1,2.45,1.1,1.61,0.65,0.19,19.8,4.45,22.5,8.26,6.71,4.84,1.94,2.13,1.29
"248","Cédric Soares\839c14e1","DF",2.15,0.06,0,0.58,0,0,0,0,20.4,0.13,0,0,0.03,0.03,0.04,2.13,1.29,1.23,0.52,0.39,11.4,3.74,33,4.52,4.52,2.32,1.42,1.29,2
"249","Ben Johnson\9319781b","DF",1.04,0.13,0.06,0.32,0.06,20,0.2,1,23.6,0,0,0,0.01,0.01,0.02,1.95,1.04,0.91,0.78,0.26,11,3.9,35.5,5.52,3.38,2.08,3.18,1.62,3.18
"250","Nemanja Matić\eb7822d7","MF",1.82,0.32,0,0.39,0.06,16.7,0,0,23.4,0,0,0,0.01,0.01,0.03,2.21,1.82,1.3,0.84,0.06,15.1,4.55,30.2,6.88,6.95,1.23,2.21,2.08,2.01
"251","Jay Rodriguez\4ab53cdb","FW",1.56,0.19,0.13,2.66,0.71,26.8,0.05,0.18,14.2,0,0,0,0.31,0.31,0.11,1.43,0.65,0.58,0.52,0.32,21.6,4.55,21.1,4.81,7.47,9.29,1.62,0.39,0.78
"252","William Troost-Ekong\7ed4921e","DF",0.26,0,0,0.13,0,0,0,0,21.8,0,0,0,0.01,0.01,0.05,1.17,0.71,0.71,0.45,0,6.88,2.47,35.8,4.03,2.66,0.19,1.88,1.49,5.71
"253","Wout Weghorst\c4e87b8b","FW",1.75,0.32,0.13,1.69,0.45,26.9,0.08,0.29,14.5,0,0,0,0.19,0.19,0.11,0.97,0.71,0.13,0.58,0.26,32.7,8.44,25.8,5,14.3,13.4,1.95,0.58,0.71
"254","Danny Welbeck\ce5143da","FW",2.01,0.19,0.32,2.53,1.17,46.2,0.13,0.28,12.5,0,0,0,0.36,0.36,0.15,0.84,0.71,0.06,0.65,0.13,15.9,5.32,33.5,1.88,5.65,8.38,1.3,0.32,1.1
"255","Ruben Loftus-Cheek\e97fd090","MF",3.33,0.46,0,1.24,0.39,31.6,0,0,17.4,0,0,0,0.08,0.08,0.06,2.03,1.31,1.11,0.65,0.26,16.1,5.42,33.6,5.29,7.84,3.01,1.37,0.98,1.44
"256","Sean Longstaff\a2b105e0","MF",1.33,0.2,0.07,0.98,0.13,13.3,0.07,0.5,23.6,0.07,0,0,0.08,0.08,0.08,2.81,2.09,1.05,1.37,0.39,25,6.41,25.7,9.61,11.8,3.53,1.5,1.37,1.24
"257","Chris Wood\4e9a0555","FW",1.38,0.13,0.2,2.04,0.66,32.3,0.1,0.3,11.8,0,0,0,0.3,0.3,0.14,0.72,0.53,0.13,0.33,0.26,13,3.95,30.3,0.53,5.33,7.17,1.05,0.26,0.39
"258","Stuart Armstrong\97333cf5","MF",3.18,0.07,0.13,2.52,0.6,23.7,0.05,0.22,19.8,0,0,0,0.19,0.19,0.07,1.59,0.93,0.86,0.26,0.46,15.6,5.23,33.5,4.5,7.35,3.77,0.99,0.86,0.86
"259","Trevoh Chalobah\5515376c","DF",0.46,0.07,0.2,0.46,0.33,71.4,0.43,0.6,18.9,0,0,0,0.06,0.06,0.13,2.45,1.32,0.99,1.19,0.26,10.5,3.91,37.3,3.97,5.5,0.99,1.19,2.12,4.37
"260","Adam Armstrong\68c720b5","FW",1.87,0.2,0.13,3.07,0.93,30.4,0.04,0.14,17.2,0,0,0,0.28,0.28,0.09,0.6,0.4,0.2,0.2,0.2,14.9,4,26.8,1.4,5.47,8.07,0.67,0.6,0.33
"261","Dan Burn\b2d31e83","DF",0.29,0.07,0,0.73,0.07,9.1,0,0,9.3,0,0,0,0.03,0.03,0.05,1.6,0.8,1.13,0.4,0.07,8.6,3.4,39.5,5.2,3.13,0.27,1.87,1.93,6.13
"262","Alex McCarthy\36c2ca73","GK",0.07,0,0,0,0,0,0,0,0,0,0,0,0,0,0,0,0,0,0,0,0,0,NA,0,0,0,0,0,0
"263","Paul Pogba\867239d3","MF",3.4,0.73,0.07,2.13,0.53,25,0.03,0.13,17.3,0,0,0,0.16,0.16,0.08,1.33,0.87,0.6,0.6,0.13,17.6,5.07,28.8,4.07,8.47,5.07,1.07,1.27,1.67
"264","Oliver Skipp\6250083a","MF",1.47,0.2,0,0.27,0.07,25,0,0,24.1,0,0,0,0.01,0.01,0.05,2.2,1.2,0.93,1.07,0.2,18.3,4.73,25.8,7.27,8.73,2.33,1.67,1.27,0.93
"265","Matt Targett\e514ab62","DF",2.21,0.07,0,0.4,0.2,50,0,0,16.4,0,0,0,0.02,0.02,0.05,2.27,1.33,1.47,0.73,0.07,10.6,3.4,32.1,5.8,2.87,1.93,1.13,2.2,2.4
"266","Adam Webster\c40b6180","DF",0.67,0.07,0.13,0.47,0.13,28.6,0.29,1,9.4,0,0,0,0.07,0.07,0.18,1.41,0.74,0.94,0.34,0.13,7.58,2.68,35.4,4.5,2.55,0.54,2.21,1.68,4.97
"267","Matt Ritchie\71ef519e","DF",2.7,0.2,0,0.68,0.2,30,0,0,22,0.07,0,0,0.03,0.03,0.04,1.49,0.47,0.74,0.54,0.2,10.3,3.11,30.3,5.14,3.65,1.49,1.89,1.96,1.69
"268","Francisco Trincão\77e39b04","FW",2.64,0.14,0.14,2.09,0.88,41.9,0.06,0.15,18,0.07,0,0,0.23,0.23,0.11,1.89,0.95,0.61,0.81,0.47,22.7,6.28,27.7,5,11.3,6.42,1.42,1.01,0.07
"269","Chris Wood\4e9a0555","FW",1.45,0.14,0.14,1.38,0.41,30,0.05,0.17,10.9,0,0.07,0.07,0.2,0.14,0.1,0.28,0.21,0.07,0.21,0,16.8,4.62,27.5,0.83,7.93,8.07,0.55,0.14,0.55
"270","Callum Wilson\c596fcb0","FW",1.12,0,0.42,2.01,0.69,34.5,0.17,0.5,11.7,0,0.07,0.07,0.33,0.27,0.14,0.49,0.35,0.07,0.21,0.21,11.5,2.5,21.8,1.39,4.17,5.9,0.63,0.28,0.83
"271","Rodrigo Bentancur\3b8674e6","MF",2.24,0.35,0,0.98,0.14,14.3,0,0,18.6,0,0,0,0.06,0.06,0.06,2.45,1.05,1.05,0.98,0.42,21.7,5.1,23.5,7.48,11.9,2.38,2.17,1.12,1.96
"272","Timo Werner\49fe9070","FW",1.82,0.28,0.28,3.15,1.12,35.6,0.09,0.25,13.1,0,0,0,0.53,0.53,0.17,0.49,0.28,0,0.21,0.28,17.2,4.48,26,2.45,6.01,8.74,0.77,0.28,0.21
"273","Mason Greenwood\58eee997","FW",3.12,0.5,0.35,3.4,1.28,37.5,0.1,0.28,18.7,0,0,0,0.31,0.31,0.09,1.13,0.57,0.57,0.14,0.43,10.9,2.84,26,2.48,4.18,4.26,0.35,0.28,0.35
"274","Javier Manquillo\758dd7f0","DF",0.64,0.29,0.07,0.29,0.14,50,0.25,0.5,15.5,0,0,0,0.04,0.04,0.12,2.93,1.71,1.93,0.71,0.29,12.5,4,32,7.14,3.29,2.07,2,1.64,2.07
"275","Ashley Young\be927d03","DF",1.58,0.29,0,0.72,0.22,30,0,0,21.1,0.07,0,0,0.03,0.03,0.04,1.94,1.08,1.01,0.65,0.29,10.1,2.45,24.3,3.96,3.96,2.16,0.86,1.58,1.73
"276","Philippe Coutinho\0ef89a37","MF",3.62,0.36,0.29,2.83,1.01,35.9,0.1,0.29,20.1,0.36,0,0,0.26,0.26,0.09,1.38,0.72,0.36,0.51,0.51,14.9,3.33,22.4,2.97,7.83,4.06,1.09,0.51,0.14
"277","Mads Roerslev\57c94db2","DF",1.16,0.22,0.07,0.36,0.14,40,0.2,0.5,17.5,0,0,0,0.02,0.02,0.06,1.81,0.65,1.59,0.07,0.14,12.6,3.12,24.7,8.33,2.9,1.38,2.32,1.52,2.17
"278","Marcus Rashford\a1d5bd30","FW",2.12,0.22,0.29,1.61,0.88,54.5,0.18,0.33,17.5,0.07,0,0,0.18,0.18,0.11,0.58,0.44,0.15,0.36,0.07,18.5,5.55,29.9,2.99,8.39,7.15,0.8,0.88,0.44
"279","Christian Pulisic\1bf33a9a","MF",2.3,0.15,0.44,1.93,0.81,42.3,0.23,0.55,12.9,0,0,0,0.33,0.33,0.17,1.33,0.67,0.37,0.81,0.15,20.3,4.81,23.7,3.48,8.59,8.22,1.26,0.74,0.67
"280","Kelechi Iheanacho\c92e1a31","FW",2.61,0.6,0.3,2.24,0.82,36.7,0.13,0.36,16.7,0,0,0,0.25,0.25,0.11,0.97,0.6,0.15,0.6,0.22,16.9,4.78,28.2,1.04,7.54,8.36,1.12,0.3,0.75
"281","Dejan Kulusevski\df3cda47","MF",3.08,0.98,0.23,1.73,0.53,30.4,0.13,0.43,17.6,0,0,0,0.2,0.2,0.11,1.43,1.13,0.68,0.75,0,22,5.26,23.9,8.2,9.17,4.66,0.68,1.88,0.08
"282","Yoane Wissa\2500cef9","FW",1.2,0.15,0.53,2.26,0.9,40,0.23,0.58,15.7,0,0,0,0.26,0.26,0.11,1.05,0.6,0.38,0.38,0.3,13.2,3.61,27.3,2.26,4.44,6.54,1.13,0.68,0.45
"283","Nathaniel Clyne\0442183b","DF",0.85,0.15,0,0.23,0.15,66.7,0,0,24.5,0,0,0,0.01,0.01,0.04,1.62,0.85,0.62,0.92,0.08,8.54,2.69,31.5,4.54,3.08,0.92,0.69,2,1.92
"284","Lucas Digne\1b84dbe1","DF",2.54,0,0,0.69,0.08,11.1,0,0,21.1,0.23,0,0,0.03,0.03,0.05,2.69,1.31,2,0.38,0.31,12.4,3.31,26.7,6.15,3.85,2.38,2.15,2.38,2.31
"285","Jonny Evans\f8fcd2a5","DF",0.54,0.15,0.08,0.23,0.15,66.7,0.33,0.5,5.7,0,0,0,0.05,0.05,0.25,1.85,1.15,1.15,0.54,0.15,7.62,3,39.4,4.62,2.62,0.38,1.54,2,3.62
"286","Patson Daka\ca45605e","FW",1.86,0.54,0.39,2.02,1.09,53.8,0.19,0.36,15.4,0,0,0,0.36,0.36,0.18,1.32,0.85,0.31,0.7,0.31,18.1,5.97,32.9,1.47,7.75,8.91,0.85,0.23,0.62
"287","Michael Olise\c4486bac","FW",2.99,0.55,0.16,1.5,0.79,52.6,0.11,0.2,17.2,0.16,0,0,0.11,0.11,0.07,1.73,1.18,0.71,0.63,0.39,18.9,5.35,28.3,5.51,9.06,4.33,1.73,1.02,0.71
"288","Hakim Ziyech\6622454d","FW",4.57,0.47,0.31,3.46,1.18,34.1,0.09,0.27,19.9,0.16,0,0,0.24,0.24,0.07,1.42,0.71,0.39,0.79,0.24,17.8,5.51,31,3.94,7.8,6.06,1.34,1.5,0.71
"289","Marc Albrighton\b827d5b3","FW",1.51,0.16,0.08,0.32,0.08,25,0.25,1,16.7,0,0,0,0.04,0.04,0.13,2.62,1.27,1.35,0.71,0.56,22.9,5,21.9,7.78,11.1,3.97,2.14,1.98,0.79
"290","Christian Benteke\ab070c55","FW",1.59,0.08,0.32,3.1,1.03,33.3,0.1,0.31,11.4,0,0,0,0.43,0.43,0.14,0.63,0.16,0.16,0.32,0.16,9.52,2.54,26.7,0.71,3.97,4.84,0.63,0.08,2.38
"291","Cucho\71b47ab9","FW",3.2,0.48,0.4,2.8,0.8,28.6,0.14,0.5,18.7,0.4,0,0,0.2,0.2,0.07,1.2,0.4,0.64,0.4,0.16,20.5,4.56,22.3,5.52,8.48,6.48,0.96,0.88,0.8
"292","Anthony Elanga\2fba6108","FW",1.44,0.4,0.16,1.6,0.56,35,0.1,0.29,15.4,0,0,0,0.23,0.23,0.14,1.84,1.28,0.88,0.72,0.24,21.1,5.84,27.7,6.8,9.2,5.12,1.52,1.36,0.48
"293","Dominic Calvert-Lewin\59e6e5bf","FW",2.03,0.24,0.33,2.2,0.81,37,0.07,0.2,13.1,0,0.16,0.24,0.53,0.34,0.16,0.98,0.73,0.16,0.33,0.49,13.7,3.33,24.3,0.89,6.26,6.59,0.65,0.49,0.81
"294","Christian Kabasele\914ab9a1","DF",0.41,0,0,0.57,0,0,0,0,8.8,0,0,0,0.06,0.06,0.1,0.57,0.41,0.33,0.24,0,5.77,2.11,36.6,3.66,1.95,0.16,2.36,2.03,4.72
"295","Albert Sambi Lokonga\1b4f1169","MF",2.6,0,0,1.54,0.57,36.8,0,0,25.7,0,0,0,0.05,0.05,0.03,1.79,1.06,0.73,0.81,0.24,11.2,3.82,34.1,3.66,5.2,2.36,1.46,1.87,1.3
"296","Jóhann Berg Guðmundsson\f72293fc","MF",1.56,0.16,0,1.56,0.33,21.1,0,0,19.7,0.16,0,0,0.14,0.14,0.09,1.56,0.74,0.82,0.57,0.16,13.9,3.61,25.9,4.02,5.66,4.26,1.48,1.39,1.72
"297","Naby Keïta\f25c8e3a","MF",3.28,0.49,0.25,2.05,0.57,28,0.12,0.43,21.8,0,0,0,0.16,0.16,0.08,3.69,2.21,1.48,1.48,0.74,24.5,8.2,33.4,5.74,12.3,6.48,1.72,1.56,0.41
"298","Boubakary Soumaré\ae59b359","MF",1.23,0.16,0,0.49,0.16,33.3,0,0,17.4,0,0,0,0.03,0.03,0.07,1.97,1.07,0.82,0.82,0.33,20.5,5.08,24.8,7.54,10.3,2.62,1.07,1.39,1.56
"299","Lucas Digne\1b84dbe1","DF",3.47,0.5,0,0.66,0.17,25,0,0,16.8,0.08,0,0,0.05,0.05,0.07,1.32,0.74,0.74,0.33,0.25,11.2,2.31,20.6,5.04,4.05,2.15,2.15,2.15,2.73
"300","Nuno Tavares\a65c844b","DF",1.84,0.25,0.08,1.74,0.17,9.5,0.05,0.5,20.5,0,0,0,0.11,0.11,0.06,1.4,1.07,0.58,0.5,0.33,11.2,3.22,28.9,4.46,3.97,2.73,1.74,1.9,2.4
"301","Álvaro Fernández\f127d782","GK",0,0,0,0,0,0,0,0,0,0,0,0,0,0,0,0,0,0,0,0,0,0,NA,0,0,0,0,0,0
"302","Dimitris Giannoulis\112c495e","DF",1.42,0.17,0,0.25,0.17,66.7,0,0,18.7,0,0,0,0.02,0.02,0.05,3.25,1.83,1.75,1.33,0.17,16,4.33,27.1,8.42,5.5,2.08,3.17,2.75,2.58
"303","Adama Traoré\9a28eba4","FW",4.2,0.17,0.08,1.93,0.5,26.1,0.04,0.17,18.9,0,0,0,0.2,0.2,0.11,1.01,0.76,0.59,0.17,0.25,11.8,3.53,29.8,3.11,5.8,2.94,0.67,0.34,0.17
"304","Adam Masina\de0f152c","DF",0.85,0,0,0.42,0,0,0,0,11.6,0,0,0,0.03,0.03,0.08,1.95,1.1,0.85,1.02,0.08,13.6,3.81,28,6.1,5.93,1.61,2.46,2.63,3.47
"305","Jean-Philippe Mateta\50e6dc35","FW",1.53,0.17,0.34,2.97,1.36,45.7,0.11,0.25,10.6,0,0,0,0.42,0.42,0.14,0.51,0.34,0.08,0.34,0.08,19.8,4.07,20.5,1.78,10.9,7.12,0.93,0.34,1.19
"306","Frank Onyeka\2944f86f","MF",1.47,0.09,0,1.38,0.43,31.3,0,0,17.5,0,0,0,0.09,0.09,0.07,2.59,1.38,1.21,1.03,0.34,21.8,5.95,27.3,9.4,9.14,3.28,1.72,1.29,1.12
"307","Pierre-Emerick Aubameyang\d5dd5f1f","FW",2,0.26,0.35,2.87,1.39,48.5,0.12,0.25,14.2,0,0,0.17,0.5,0.36,0.13,1.04,0.61,0.43,0.43,0.17,17.5,4.61,26.4,2,6.78,8.7,1.65,0.09,0.26
"308","Dan Burn\b2d31e83","DF",0.44,0,0.09,0.61,0.26,42.9,0.14,0.33,7.4,0,0,0,0.11,0.11,0.18,2.11,1.32,1.05,0.7,0.35,12.4,4.04,32.6,5.35,5.61,1.4,2.46,2.81,4.56
"309","John Stones\5eecec3d","DF",0.88,0.09,0.09,0.61,0.35,57.1,0.14,0.25,14,0,0,0,0.08,0.08,0.14,0.44,0.35,0.26,0.18,0,4.65,1.75,37.7,1.93,2.28,0.44,0.79,1.14,3.51
"310","Ciaran Clark\2b91cf8e","DF",0.44,0.09,0,0.62,0.09,14.3,0,0,7,0,0,0,0.07,0.07,0.11,1.5,1.15,0.8,0.53,0.18,6.73,2.39,35.5,4.69,1.68,0.35,1.24,1.33,4.42
"311","Isaac Hayden\c951a6df","MF",0.54,0,0.09,0.54,0.09,16.7,0.17,1,12.8,0,0,0,0.04,0.04,0.07,3.06,1.62,1.53,1.08,0.45,17.5,4.77,27.3,6.94,8.65,1.89,1.98,1.8,2.7
"312","Oleksandr Zinchenko\51cf8561","DF",3.33,0.72,0,1.08,0.36,33.3,0,0,21.7,0,0,0,0.04,0.04,0.04,1.8,0.99,0.63,0.9,0.27,8.29,2.61,31.5,2.25,4.23,1.8,1.62,1.62,1.17
"313","Daniel Bachmann\1c0eea98","GK",0,0,0,0,0,0,0,0,0,0,0,0,0,0,0,0,0,0,0,0,0,0,NA,0,0,0,0,0,0
"314","Sam Byram\1bf811d4","DF",1,0.18,0,0.64,0.09,14.3,0,0,8.9,0,0,0,0.08,0.08,0.13,2.45,1.36,1.82,0.55,0.09,11.8,2.91,24.6,6.55,4.09,1.18,2.91,3.27,4.55
"315","Tyler Roberts\6c17e046","MF",2.55,0.09,0.09,2.73,1.09,40,0.03,0.08,18.5,0,0,0,0.22,0.22,0.08,1.55,0.64,0.64,0.55,0.36,15.4,4,26,2.18,7.73,5.45,0.91,0.64,0.73
"316","Enock Mwepu\1d5cab82","MF",1.93,0.55,0.18,1.65,0.64,38.9,0.11,0.29,19.5,0,0,0,0.17,0.17,0.1,2.29,1.28,0.73,1.1,0.46,20.4,5.23,25.7,5.78,8.44,6.15,2.2,1.47,1.74
"317","Ricardo Pereira\75a72a99","DF",2.04,0.46,0.09,0.93,0.19,20,0.1,0.5,16.3,0,0,0,0.06,0.06,0.07,4.07,2.22,2.22,1.3,0.56,17.9,5.74,32.1,7.04,7.41,3.43,2.5,2.04,2.96
"318","Issa Diop\a712ca2b","DF",0.19,0.09,0,0.19,0.19,100,0,0,7.6,0,0,0,0.01,0.01,0.07,0.84,0.28,0.37,0.47,0,6.73,2.62,38.9,3.83,2.8,0.09,2.15,1.59,4.11
"319","Callum Hudson-Odoi\15f3ec41","FW",4.77,0.56,0.09,1.59,0.65,41.2,0.06,0.14,13.2,0,0,0,0.2,0.2,0.12,1.21,0.56,0.37,0.65,0.19,14.8,3.55,24.1,2.24,7.2,5.33,1.21,0.47,0.47
"320","Vitaliy Mykolenko\30d4a2e5","DF",1.03,0.19,0.09,0.65,0.19,28.6,0.14,0.5,19.2,0,0,0,0.07,0.07,0.1,2.34,1.12,1.31,0.75,0.28,15,3.55,23.8,7.57,5.05,2.34,2.99,2.15,2.8
"321","Ibrahima Diallo\11ff3d56","MF",2.74,0.38,0,0.75,0.38,50,0,0,20.6,0,0,0,0.05,0.05,0.06,2.45,1.79,1.13,0.94,0.38,19.4,5.94,30.6,6.04,9.81,3.58,0.94,1.42,0.75
"322","Ryan Sessegnon\6aa3e78b","DF",1.79,0.38,0,0.57,0.09,16.7,0,0,13.6,0,0,0,0.04,0.04,0.06,2.55,1.32,1.23,0.85,0.47,20,5.09,25.5,8.68,6.79,4.53,2.64,1.7,1.98
"323","Bruno Guimarães\82518f62","MF",2.21,0.29,0.48,1.9,0.86,45,0.25,0.56,16.9,0,0,0,0.23,0.23,0.13,4.1,3.14,2.19,1.52,0.38,24.7,7.24,29.3,9.24,11.5,3.9,1.71,1.71,0.57
"324","Jonny Castro\e28868f3","DF",1.54,0,0.19,0.96,0.48,50,0.2,0.4,18.9,0,0,0,0.08,0.08,0.08,2.4,1.92,1.35,0.96,0.1,15.3,5.1,33.3,7.12,5.77,2.4,1.44,1.06,0.48
"325","Nathan Aké\eaeca114","DF",0.29,0,0.19,0.49,0.19,40,0.4,1,5.8,0,0,0,0.12,0.12,0.23,1.46,0.49,0.58,0.78,0.1,6.8,2.23,32.9,2.52,3.59,0.68,1.17,1.75,3.01
"326","Jonjoe Kenny\099e666f","DF",1.65,0.19,0,0.49,0,0,0,0,23.8,0,0,0,0.03,0.03,0.06,1.55,0.97,0.68,0.78,0.1,12.3,4.56,37,5.53,5.53,1.26,1.55,3.01,1.84
"327","Fernandinho\101da2b5","MF",2.94,0.39,0.2,1.67,0.29,17.6,0.12,0.67,17,0,0,0,0.16,0.16,0.09,2.16,1.47,0.69,1.27,0.2,12.4,4.02,32.5,3.82,7.16,1.37,0.59,1.37,2.16
"328","Will Hughes\a0666d3e","MF",1.96,0.29,0,0.59,0,0,0,0,21.3,0,0,0,0.02,0.02,0.03,2.65,1.37,0.88,1.47,0.29,18.7,5.1,27.2,5.88,10.9,1.96,2.16,1.57,1.08
"329","Ozan Kabak\2d61d13a","DF",0.98,0,0,0.39,0.2,50,0,0,15,0,0,0,0.02,0.02,0.05,1.27,1.08,0.59,0.59,0.1,9.22,3.73,40.4,6.37,2.65,0.2,1.86,2.16,2.84
"330","Angelo Ogbonna\74b2cd7e","DF",0.2,0.1,0.1,0.29,0.1,33.3,0.33,1,11.1,0,0,0,0.03,0.03,0.09,1.27,0.78,0.78,0.49,0,4.9,1.57,32,3.14,1.47,0.29,0.69,1.27,3.73
"331","James Justin\fb614c44","DF",1.58,0.1,0,0.5,0.1,20,0,0,10.6,0,0,0,0.06,0.06,0.13,2.87,1.88,1.29,1.19,0.4,16.4,4.85,29.5,7.92,6.24,2.28,2.57,2.48,3.07
"332","Jeremy Ngakia\3631ad41","DF",1.2,0.1,0,0.5,0,0,0,0,26.3,0,0,0,0.01,0.01,0.02,4.1,2.1,3.4,0.4,0.3,20.2,5.5,27.2,13.9,4.8,1.5,1.5,3,2
"333","Shandon Baptiste\2886c9b5","MF",1.72,0.2,0.1,1.21,0.4,33.3,0.08,0.25,18.9,0,0,0,0.07,0.07,0.06,0.71,0.4,0.61,0,0.1,20.5,6.87,33.5,6.16,9.49,4.85,1.31,1.82,1.01
"334","Roberto Firmino\4c370d81","FW",3.13,0.51,0.51,2.42,1.01,41.7,0.21,0.5,14,0,0,0,0.48,0.48,0.2,3.03,2.12,0.51,1.52,1.01,21.9,7.78,35.5,3.13,10.2,8.59,1.92,0.2,0.2
"335","Harry Winks\2f7acede","MF",2.32,0.4,0,0.3,0.1,33.3,0,0,24.2,0,0,0,0.01,0.01,0.04,1.72,0.71,0.51,0.81,0.4,14.5,3.13,21.5,5.15,7.07,2.32,1.82,1.92,0.81
"336","Marvelous Nakamba\de5b5570","MF",0.61,0,0,0,0,0,0,0,0,0,0,0,0,0,0,2.86,1.94,1.63,1.12,0.1,20.3,6.02,29.6,9.9,8.78,1.63,1.63,2.24,1.53
"337","Matt Doherty\d557d734","DF",2.37,0.41,0.21,1.65,0.62,37.5,0.13,0.33,13.8,0,0,0,0.26,0.26,0.16,1.86,1.24,0.93,0.82,0.1,12.4,4.33,35,5.15,5.57,1.65,2.47,1.75,1.55
"338","Luis Díaz\4a1a9578","FW",4.38,0.42,0.42,3.65,1.46,40,0.11,0.29,15.9,0,0,0,0.42,0.42,0.11,1.15,0.94,0.42,0.31,0.42,15.6,5.83,37.3,2.6,5.94,7.08,0.94,0.42,0.21
"339","Kieran Dowell\2f6ec02a","FW",2.32,0.11,0.11,0.84,0.21,25,0.13,0.5,22.1,0.32,0,0,0.13,0.13,0.15,1.79,0.74,0.63,0.84,0.32,27.4,4.74,17.3,6.74,12.3,8.32,1.16,0.84,0.21
"340","Nampalys Mendy\1598599e","MF",0.53,0.21,0,0.11,0.11,100,0,0,25.3,0,0,0,0,0,0.02,1.37,0.95,0.63,0.63,0.11,12.1,4.63,38.3,4.74,6,1.37,1.16,1.37,0.84
"341","Christian Eriksen\980522ec","MF",5,0.74,0.11,2.23,0.85,38.1,0.05,0.13,23.4,0.53,0,0,0.15,0.15,0.07,1.91,1.06,0.74,0.85,0.32,13.5,2.66,19.7,3.51,7.34,2.66,1.28,0.96,0.96
"342","Yerry Mina\6d5701f2","DF",0.32,0,0,0.64,0.11,16.7,0,0,9.2,0,0,0,0.03,0.03,0.05,1.81,1.28,1.81,0,0,7.45,3.19,42.9,5.11,2.02,0.32,2.02,1.06,5
"343","Willy Boly\a4ac4b8f","DF",0.22,0,0,0.22,0.11,50,0,0,8,0,0,0,0.02,0.02,0.08,2.67,2.11,2,0.67,0,10.7,4.33,40.6,6,4.33,0.33,1.67,2.11,3.22
"344","Angus Gunn\e082af5b","GK",0,0,0,0,0,0,0,0,0,0,0,0,0,0,0,0,0,0,0,0,0.22,0,0,0.22,0,0,0,0,0.11
"345","Ibrahima Konaté\5ed9b537","DF",0.56,0.11,0,0.33,0,0,0,0,9.3,0,0,0,0.02,0.02,0.06,1.11,0.67,0.56,0.44,0.11,6.67,1.89,28.3,3.89,2.44,0.33,1.44,2.67,4.78
"346","Salomón Rondón\b318a643","FW",1.93,0.11,0.11,2.39,0.68,28.6,0.05,0.17,11.6,0,0,0,0.25,0.25,0.1,0.68,0.23,0,0.34,0.34,19.5,5.68,29.1,1.93,8.52,9.09,0.68,0.45,1.25
"347","Alex Oxlade-Chamberlain\38c7feef","MF",2.41,0.11,0.23,2.41,0.34,14.3,0.1,0.67,20.3,0,0,0,0.14,0.14,0.06,1.95,1.61,0.34,0.8,0.8,19.8,7.24,36.6,2.99,8.74,8.05,1.26,0.92,0.8
"348","Kostas Tsimikas\f315ca93","DF",3.45,0.34,0,0.8,0.23,28.6,0,0,16.8,0,0,0,0.06,0.06,0.07,1.95,0.92,0.8,0.57,0.57,14.7,5.29,35.9,5.63,5.06,4.02,1.61,1.49,2.18
"349","Leon Bailey\3a233281","FW",2.47,0.35,0.12,2.47,0.94,38.1,0.05,0.13,18.6,0.47,0,0,0.19,0.19,0.08,2.24,1.41,0.82,1.06,0.35,17.2,5.65,32.9,2.94,6.94,7.29,1.53,0.35,0.35
"350","Mads Bech Sørensen\30db8574","DF",0.82,0,0,0.24,0,0,0,0,9.5,0,0,0,0.01,0.01,0.04,1.18,0.71,0.94,0.24,0,7.65,2.82,36.9,4.59,2.35,0.71,1.18,0.94,3.18
"351","Curtis Jones\4fb9c88f","MF",2.47,0.24,0.12,1.88,0.82,43.8,0.06,0.14,22.4,0,0,0,0.09,0.09,0.05,1.29,0.94,0.24,0.94,0.12,22.6,6.35,28.1,3.76,12.6,6.24,0.59,1.18,0.12
"352","Eddie Nketiah\a53649b7","FW",2.27,0.47,0.47,2.94,1.29,44,0.16,0.36,14.3,0,0,0,0.52,0.52,0.18,1.41,0.82,0,0.82,0.59,16.7,4.94,29.6,0.59,5.65,10.5,0.59,0.59,0.71
"353","Ken Sema\1770bd68","MF",1.88,0,0,0.24,0.12,50,0,0,20.3,0,0,0,0.01,0.01,0.04,1.41,0.94,1.18,0.24,0,20.4,4.47,22,8,10,2.35,1.53,0.82,2.12
"354","Rob Holding\d79a8c87","DF",0.36,0,0.12,0.48,0.12,25,0.25,1,6.5,0,0,0,0.04,0.04,0.07,1.43,0.83,1.19,0.12,0.12,7.14,2.26,31.7,4.05,2.62,0.48,2.86,1.79,5.71
"355","Lukas Rupp\3faa1780","MF",3.25,0,0,1.45,0.24,16.7,0,0,19.4,0,0,0,0.08,0.08,0.06,1.2,0.96,0.6,0.6,0,20.5,6.39,31.2,9.04,8.55,2.89,0.96,2.05,0.48
"356","Luka Milivojević\2ce2508a","MF",1.95,0.12,0,0.98,0,0,0,0,26.6,0.49,0,0,0.02,0.02,0.03,2.44,1.46,1.22,0.98,0.24,15,5.12,34.1,5.98,7.32,1.71,0.85,1.1,2.2
"357","Japhet Tanganga\e9971f2d","DF",0.37,0,0,0.85,0.24,28.6,0,0,13.1,0,0,0,0.05,0.05,0.05,2.56,1.46,1.22,0.73,0.61,13.4,4.39,32.7,6.34,5.49,1.59,1.95,2.07,3.66
"358","Nathan Tella\f1e94cd6","MF",2.07,0.24,0,1.46,0.61,41.7,0,0,20.9,0,0,0,0.06,0.06,0.04,1.34,0.61,0.49,0.61,0.24,29,7.93,27.3,5.73,12.6,10.7,1.95,2.2,0.73
"359","Lyanco\b5bf1770","DF",0.86,0,0,0.62,0,0,0,0,14,0,0,0,0.02,0.02,0.04,1.48,1.23,0.86,0.62,0,10,3.95,39.5,5.19,4.81,0,2.47,2.59,6.05
"360","Erik Pieters\1ef37668","DF",0.86,0.12,0,0.86,0,0,0,0,23.8,0,0,0,0.02,0.02,0.03,3.46,1.98,2.72,0.62,0.12,17.7,4.94,28,9.26,6.54,1.85,3.09,2.84,3.33
"361","Karl Darlow\cde3309f","GK",0,0,0,0,0,0,0,0,0,0,0,0,0,0,0,0,0,0,0,0,0,0,NA,0,0,0,0,0,0.13
"362","Mohamed Elneny\47a34c4f","MF",1.43,0.25,0,0.75,0.25,33.3,0,0,24.9,0,0,0,0.01,0.01,0.02,1.88,1.13,1,0.75,0.13,10.3,3.63,35.4,4.5,4.75,1,0.75,2,1
"363","Edo Kayembe\f99b71de","MF",1.5,0,0,0.5,0,0,0,0,25.5,0,0,0,0.01,0.01,0.02,2.5,1.75,1.13,1.13,0.25,13.8,5,36.4,6.38,6.75,0.63,1.63,1.38,2.38
"364","James Milner\2f90f6b8","MF",2.88,0.13,0,1,0.13,12.5,0,0,22,0,0,0,0.03,0.03,0.03,4.13,2.75,1.88,1.75,0.5,18.6,7.75,41.6,4.38,10.3,4,2,2.38,2.63
"365","Jamie Shackleton\8d03ca5a","DF",1.01,0.13,0,0.51,0.13,25,0,0,18.8,0,0,0,0.03,0.03,0.05,3.29,2.28,2.15,0.89,0.25,14.6,4.94,33.9,6.58,6.2,1.77,2.03,1.27,1.14
"366","Danny Rose\89d10e53","DF",1.43,0.13,0,0.52,0.13,25,0,0,19.7,0,0,0,0.03,0.03,0.04,2.99,1.95,1.95,1.04,0,11,4.42,40,5.71,4.68,0.65,1.82,1.95,1.69
"367","Nicolas Pépé\57e3f0c7","FW",3.51,0.39,0.13,2.89,0.79,27.3,0.05,0.17,14.9,0.39,0,0,0.38,0.38,0.13,1.58,1.32,0.79,0.53,0.26,14.9,4.21,28.3,4.34,5.53,5,1.71,1.18,0.39
"368","Jack Butland\cc70a1d5","GK",0,0,0,0,0,0,0,0,0,0,0,0,0,0,0,0,0,0,0,0,0,0,NA,0,0,0,0,0,0
"369","Edinson Cavani\527f063d","FW",1.07,0.27,0.27,2.27,0.67,29.4,0.12,0.4,11.3,0,0,0,0.43,0.43,0.19,0.53,0.27,0,0.4,0.13,11.5,4.53,39.5,1.73,4.67,5.07,1.07,1.07,0.93
"370","Joe Gelhardt\01962d0d","FW",2.93,0.8,0.27,2.93,1.2,40.9,0.09,0.22,15.8,0,0,0,0.41,0.41,0.14,1.47,0.8,0.53,0.27,0.67,24.8,8.13,32.8,2.53,11.6,10.7,1.07,0.53,0.4
"371","Matěj Vydra\0d4ceb32","FW",1.6,0.4,0.27,2.53,0.93,36.8,0.11,0.29,14.3,0,0,0,0.4,0.4,0.16,1.6,1.07,0.4,0.4,0.8,21.1,5.07,24.1,2.27,8.27,10.5,0.67,0.4,1.2
"372","Fabian Delph\111c3236","MF",0.68,0,0,0.27,0,0,0,0,25.5,0,0,0,0,0,0.02,2.57,1.76,1.08,1.22,0.27,17.2,5.27,30.7,4.73,10.4,2.03,1.76,2.57,1.22
"373","Dele Alli\cea4ee8f","MF",1.1,0.14,0.14,0.55,0.27,50,0,0,18.2,0,0.14,0.14,0.21,0.1,0.18,2.6,0.96,1.51,0.82,0.27,28.6,7.53,26.3,11.1,12.6,4.93,3.42,2.33,1.64
"374","Ashley Barnes\2691c772","FW",2.64,0.14,0,1.94,0.69,35.7,0,0,15,0,0,0,0.14,0.14,0.07,1.67,1.25,0.56,0.69,0.42,18.9,3.89,20.6,2.08,10.3,6.53,0.56,0.69,0.42
"375","Calum Chambers\dc6f5bdd","DF",1.25,0.14,0.14,0.28,0.14,50,0.5,1,15.5,0,0,0,0.01,0.01,0.05,2.08,1.25,1.11,0.83,0.14,11.3,3.89,34.6,5.56,5.14,0.56,1.81,0.97,6.67
"376","Arthur Masuaku\57df7a11","DF",0.83,0.28,0.14,0.56,0.14,25,0.25,1,26.6,0,0,0,0.01,0.01,0.03,4.58,2.64,2.78,1.53,0.28,16.7,5.42,32.5,8.47,6.94,1.25,1.39,2.5,2.22
"377","Jack Stephens\6adbc307","DF",0.86,0,0,0,0,0,0,0,0,0,0,0,0,0,0,2.43,1.29,1.14,1,0.29,10,3.29,32.9,5.71,3.43,0.86,1.43,2.71,5.71
"378","Adam Idah\291e3ec3","FW",1.74,0.14,0.14,2.03,0.58,28.6,0.07,0.25,12.4,0,0,0,0.29,0.29,0.14,1.59,0.87,0.58,0.72,0.29,13.5,3.33,24.7,2.17,5.8,5.51,0.58,0.58,1.16
"379","Moisés Caicedo\16264a81","MF",1.23,0.31,0.15,1.23,0.46,37.5,0.13,0.33,17.7,0,0,0,0.08,0.08,0.06,3.08,1.85,1.69,0.92,0.46,18.8,6.15,32.8,5.08,9.54,4.15,1.69,1.85,1.54
"380","André Gomes\1961b2aa","MF",2.03,0.31,0,2.03,0.47,23.1,0,0,22,0,0,0,0.09,0.09,0.05,2.34,1.41,0.94,0.78,0.63,28.3,7.66,27.1,10.2,12.7,5.47,1.72,1.25,0.47
"381","Fábio Silva\e7aa9d7c","FW",2.5,0.16,0,2.97,0.78,26.3,0,0,13.2,0,0,0,0.36,0.36,0.12,0.94,0.78,0,0.47,0.47,23.3,6.88,29.5,1.09,12.5,9.69,0.16,0.63,0.31
"382","Jannik Vestergaard\1900032e","DF",0.48,0,0,0.16,0,0,0,0,4.1,0,0,0,0.02,0.02,0.06,2.54,1.75,2.06,0.48,0,9.52,3.49,36.7,7.14,2.38,0,2.38,2.38,6.51
"383","Patrick Bamford\93feac6e","FW",1.94,0.48,0.32,3.23,0.81,25,0.1,0.4,13.6,0,0,0,0.63,0.63,0.2,0.48,0.32,0.16,0.32,0,17.9,6.13,34.2,0.65,7.58,9.68,0.97,0.48,1.29
"384","Nikola Vlašić\aa8e289e","FW",2.9,0,0.16,1.13,0.48,42.9,0.14,0.33,17.6,0,0,0,0.16,0.16,0.14,2.1,1.77,0.48,1.29,0.32,24.2,5.65,23.3,6.61,10.5,7.1,0.97,1.61,0.32
"385","Steven Bergwijn\a29b1131","FW",3.11,0.49,0.49,3.11,1.64,52.6,0.16,0.3,15.9,0,0,0,0.51,0.51,0.16,0.82,0.66,0.33,0.16,0.33,13.4,2.46,18.3,2.3,5.57,5.57,0.66,0.66,1.48
"386","James Tomkins\e7ca0439","DF",0.49,0,0.16,0.66,0.33,50,0.25,0.5,12,0,0,0,0.1,0.1,0.14,1.97,0.98,1.15,0.82,0,8.03,3.28,40.8,5.41,2.62,0,2.13,1.64,2.3
"387","Ben Chilwell\d2424d1b","DF",3.5,0.17,0.5,2.17,1,46.2,0.23,0.5,17.9,0,0,0,0.2,0.2,0.09,1.67,0.83,0.5,1,0.17,15.3,5.17,33.7,5.67,6,3.67,1.67,1,2.5
"388","Saman Ghoddos\f7b1d4e0","DF",4.17,0.33,0.17,1.33,0.33,25,0.13,0.5,20,0.17,0,0,0.1,0.1,0.08,2.83,1.33,1.33,1.17,0.33,19.5,4.33,22.2,6.17,8,5.33,2.17,1.17,2.17
"389","Federico Fernández\f25b010f","DF",0.52,0.17,0,1.03,0.17,16.7,0,0,9.2,0,0,0,0.07,0.07,0.07,0.17,0.17,0,0.17,0,5.69,0.69,12.1,3.62,1.55,0.52,1.9,2.24,3.97
"390","Mathias Jørgensen\0db5d2c8","DF",1.03,0,0.17,0.34,0.17,50,0.5,1,6.9,0,0,0,0.02,0.02,0.05,1.9,0.34,0.69,0.69,0.52,9.31,2.24,24.1,4.83,3.28,1.21,1.38,1.72,2.41
"391","Malang Sarr\4315f30d","DF",1.05,0.18,0,0.18,0,0,0,0,21.5,0,0,0,0,0,0.05,2.28,0.7,1.75,0.35,0.18,11.6,3.86,33.3,7.02,3.68,0.88,1.58,2.11,4.39
"392","Jakob Sørensen\953c30b0","MF",0.35,0,0,0.88,0.18,20,0,0,14.4,0,0,0,0.07,0.07,0.08,4.04,2.46,1.23,2.63,0.18,19.5,7.19,36.9,8.07,10,1.4,1.75,2.11,2.46
"393","Eberechi Eze\ae4fc6a4","MF",3.57,0.18,0.18,1.79,0.18,10,0.1,1,20.2,0.18,0,0,0.09,0.09,0.05,1.07,0.54,0.54,0.18,0.36,11.6,3.04,26.2,1.79,6.96,2.86,0.89,1.43,0
"394","Przemysław Płacheta\3c33f9d9","FW",2.5,0,0,1.43,1.25,87.5,0,0,16.7,0,0,0,0.09,0.09,0.07,0.89,0.54,0.89,0,0,20.5,4.46,21.7,6.07,9.82,4.64,1.25,1.61,0.89
"395","Axel Tuanzebe\2baec6ce","DF",0.18,0,0,0.36,0.18,50,0,0,7,0,0,0,0.04,0.04,0.09,1.43,1.07,1.07,0.36,0,8.39,2.32,27.7,4.11,3.57,0.71,0.89,1.61,2.32
"396","Tanguy Ndombele\5cdddffa","MF",2.41,0.19,0.19,1.67,0.56,33.3,0.11,0.33,17.3,0,0,0,0.09,0.09,0.05,2.41,1.85,0.74,1.48,0.19,16.3,4.81,29.5,4.44,8.33,3.52,0.37,0.56,0.56
"397","Wesley Fofana\132a82f1","DF",0.6,0,0,0.4,0.2,50,0,0,10,0,0,0,0.02,0.02,0.05,1.2,0.4,1,0.2,0,7,3,42.9,5,2,0,1,2.4,3.4
"398","Charlie Goode\7aee4dd3","DF",2.4,0,0,0.4,0,0,0,0,10.5,0,0,0,0.02,0.02,0.07,1.6,1,1.2,0.4,0,7.2,3,41.7,4,2.6,0.6,1,1,2.4
"399","Todd Cantwell\f63d8a4b","FW",1.02,0,0,0.82,0,0,0,0,28.8,0,0,0,0.04,0.04,0.04,3.06,2.24,1.63,1.22,0.2,21.6,5.1,23.6,7.96,9.39,4.29,0.41,0.82,0.61
"400","Moussa Djenepo\254147d4","MF",3.27,0.2,0,2.04,0.2,10,0,0,15.9,0,0,0,0.31,0.31,0.15,2.65,1.63,1.22,1.22,0.2,20.4,5.1,25,9.39,7.35,3.67,1.84,1.84,0.61
"401","Pedro Neto\7ba2eaa9","FW",4.49,0.2,0,3.27,0.61,18.8,0,0,19.3,0.41,0,0,0.22,0.22,0.07,1.02,1.02,0.41,0.41,0.2,18.2,4.49,24.7,3.67,7.76,6.73,0.2,1.22,0.2
"402","Donny van de Beek\50dc94ce","MF",1.04,0,0,0.83,0,0,0,0,22.8,0,0,0,0.02,0.02,0.03,2.71,1.46,1.25,1.25,0.21,18.3,4.79,26.1,4.79,9.79,3.75,1.46,1.88,1.04
"403","Francisco Sierralta\0f933743","DF",0.21,0,0,0.21,0.21,100,0,0,9,0,0,0,0,0,0.05,1.28,0.85,1.28,0,0,5.11,2.13,41.7,3.83,1.28,0,1.91,2.98,8.51
"404","Steven Alzate\ad1f61f3","MF",1.56,0.22,0,0.22,0.22,100,0,0,18.4,0,0,0,0.02,0.02,0.07,2,1.78,0.67,1.11,0.22,17.6,4.44,25.3,6.67,8.22,2.67,1.11,3.11,2.22
"405","Oghenekaro Etebo\b579e83d","MF",0.89,0,0,0.67,0,0,0,0,30.9,0,0,0,0,0,0.02,2.67,2.22,1.11,1.56,0,14.4,4.89,33.8,6.44,7.11,0.89,1.11,1.78,1.33
"406","Ayoze Pérez\819aa8e7","MF",3.78,0.44,0,2,0.89,44.4,0,0,16.6,0,0,0,0.24,0.24,0.13,1.33,0.89,0.44,0.67,0.22,24.9,6,24.1,6.44,11.6,6.89,2.22,2,0.67
"407","Kortney Hause\bf8fad51","DF",0,0,0.23,0.45,0.45,100,0.5,0.5,10.1,0,0,0,0.02,0.02,0.04,0.91,0.91,0.68,0,0.23,10.7,4.77,44.7,6.82,3.64,0.23,2.27,2.05,4.32
"408","Anwar El Ghazi\ffa90327","FW",2.56,0.47,0.23,1.63,0.47,28.6,0,0,21.3,0,0.23,0.23,0.26,0.07,0.04,0.7,0.7,0.23,0.47,0,11.2,4.19,37.5,1.63,5.58,3.95,1.16,0.47,0.47
"409","Saúl Ñíguez\c14bc029","DF",0.93,0,0,0.47,0.23,50,0,0,14,0,0,0,0.02,0.02,0.07,2.33,1.16,1.4,0.47,0.47,19.8,4.88,24.7,8.84,8.84,2.09,2.33,2.79,1.63
"410","Andrew Omobamidele\c393a6c4","DF",0,0,0.24,0.48,0.24,50,0.5,1,6.5,0,0,0,0.07,0.07,0.17,1.9,0.71,1.19,0.71,0,11.7,3.33,28.6,8.81,2.86,0,2.38,2.38,4.05
"411","Theo Walcott\1ecb65be","MF",0.95,0.24,0,1.43,0,0,0,0,15.9,0,0,0,0.17,0.17,0.12,1.19,0.71,0.48,0.24,0.48,18.8,4.05,21.5,4.76,8.33,5.71,1.19,1.67,0.48
"412","Jesse Lingard\810e3c74","FW",3.66,0.24,0.49,1.95,1.46,75,0.25,0.33,17.7,0,0,0,0.17,0.17,0.08,2.68,1.46,0.73,1.46,0.49,26.8,6.83,25.5,4.88,11,11,0.73,0.98,0.24
"413","Yan Valery\531a4aa8","DF",0.24,0,0,0.49,0,0,0,0,28.3,0,0,0,0,0,0.02,2.44,1.71,1.22,0.98,0.24,12.2,4.88,40,5.37,5.85,0.98,2.44,2.93,5.12
